Currency,Date,"Exchange Rate"

XAU,2025-04-08,892646.9685
XAU,2025-04-07,900138.6455
XAU,2025-04-04,922069.1950
XAU,2025-04-03,932614.2929
XAU,2025-04-02,927882.6434
XAU,2025-04-01,931034.3818
XAU,2025-03-28,911472.1196
XAU,2025-03-27,897509.0040
XAU,2025-03-26,897426.6979
XAU,2025-03-25,893175.4275
XAU,2025-03-24,896184.0609
XAU,2025-03-21,900265.4699
XAU,2025-03-20,903760.1079
XAU,2025-03-19,896934.5910
XAU,2025-03-18,890893.7266
XAU,2025-03-17,883984.7554
XAU,2025-03-14,882077.1356
XAU,2025-03-12,862085.4418
XAU,2025-03-11,856254.6500
XAU,2025-03-10,860529.8672
XAU,2025-03-07,859015.7337
XAU,2025-03-06,863128.8301
XAU,2025-03-05,858515.4280
XAU,2025-03-04,852179.4665
XAU,2025-03-03,847586.5360
XAU,2025-02-28,849806.7334
XAU,2025-02-27,861531.2883
XAU,2025-02-25,872496.5186
XAU,2025-02-24,868129.3051
XAU,2025-02-21,871155.9035
XAU,2025-02-20,871637.2502
XAU,2025-02-19,868693.3423
XAU,2025-02-18,855599.0053
XAU,2025-02-17,856043.5311
XAU,2025-02-14,868271.4846
XAU,2025-02-13,863775.3163
XAU,2025-02-11,874660.0915
XAU,2025-02-10,855438.9361
XAU,2025-02-07,855983.5596
XAU,2025-02-06,858251.4884
XAU,2025-02-05,852685.8229
XAU,2025-02-03,826538.6041
XAU,2025-01-31,832105.7482
XAU,2025-01-30,818623.7509
XAU,2025-01-29,823644.5607
XAU,2025-01-28,817623.9991
XAU,2025-01-27,823016.0459
XAU,2025-01-24,827413.2259
XAU,2025-01-23,822605.3439
XAU,2025-01-22,817574.8212
XAU,2025-01-21,807898.4274
XAU,2025-01-20,799984.9527
XAU,2025-01-17,805077.1470
XAU,2025-01-16,796054.5699
XAU,2025-01-15,786893.2310
XAU,2025-01-10,790525.3188
XAU,2025-01-09,786922.3796
XAU,2025-01-08,783900.5376
XAU,2025-01-07,778116.0380
XAU,2025-01-06,775988.9564
XAU,2025-01-03,779943.7303
XAU,2025-01-02,773285.6394
XAU,2025-01-01,769023.6765
XAU,2024-12-31,763459.5484
XAU,2024-12-30,768331.1874
XAU,2024-12-27,774237.5461
XAU,2024-12-26,778557.7168
XAU,2024-12-24,773996.5414
XAU,2024-12-23,769713.5684
XAU,2024-12-20,760126.4750
XAU,2024-12-19,760289.8220
XAU,2024-12-18,770447.0764
XAU,2024-12-17,772684.3983
XAU,2024-12-16,769980.1445
XAU,2024-12-13,780230.8665
XAU,2024-12-12,786061.4182
XAU,2024-12-11,784952.1604
XAU,2024-12-10,774768.0040
XAU,2024-12-09,768621.0530
XAU,2024-12-06,761764.0716
XAU,2024-12-05,769117.1023
XAU,2024-12-04,768195.2756
XAU,2024-12-03,765902.9140
XAU,2024-12-02,764582.0994
XAU,2024-11-29,773613.5925
XAU,2024-11-28,764656.9796
XAU,2024-11-27,767944.1483
XAU,2024-11-26,765114.5384
XAU,2024-11-25,786059.9671
XAU,2024-11-22,780415.8900
XAU,2024-11-21,772989.5096
XAU,2024-11-20,768426.7092
XAU,2024-11-19,763814.8798
XAU,2024-11-18,757834.7129
XAU,2024-11-14,748882.1666
XAU,2024-11-13,762774.4071
XAU,2024-11-12,768149.9541
XAU,2024-11-11,782030.2343
XAU,2024-11-08,790216.7096
XAU,2024-11-07,777405.8919
XAU,2024-11-06,804988.4232
XAU,2024-11-05,800561.0056
XAU,2024-11-04,802401.1913
XAU,2024-11-01,806276.5591
XAU,2024-10-30,815923.5583
XAU,2024-10-29,809246.2766
XAU,2024-10-28,803052.5072
XAU,2024-10-25,801407.8623
XAU,2024-10-24,798412.0271
XAU,2024-10-23,803285.9323
XAU,2024-10-22,799842.8034
XAU,2024-10-21,798902.0557
XAU,2024-10-18,793688.7656
XAU,2024-10-16,783066.3312
XAU,2024-10-15,776809.8110
XAU,2024-10-14,776360.7258
XAU,2024-10-11,773885.2727
XAU,2024-10-10,764952.5867
XAU,2024-10-09,768026.4320
XAU,2024-10-08,774121.7147
XAU,2024-10-07,777824.3030
XAU,2024-10-04,786334.4849
XAU,2024-10-03,783993.1787
XAU,2024-10-02,786467.5364
XAU,2024-10-01,783221.5908
XAU,2024-09-30,794276.6143
XAU,2024-09-27,801437.9861
XAU,2024-09-26,802975.1960
XAU,2024-09-25,809431.7941
XAU,2024-09-24,799864.1843
XAU,2024-09-23,799064.6881
XAU,2024-09-20,788517.5316
XAU,2024-09-19,778453.2772
XAU,2024-09-18,774896.7946
XAU,2024-09-13,773840.9916
XAU,2024-09-12,755912.1760
XAU,2024-09-11,757666.9242
XAU,2024-09-10,751070.2197
XAU,2024-09-09,745997.9801
XAU,2024-09-06,751955.9136
XAU,2024-09-05,746748.3730
XAU,2024-09-04,746036.4903
XAU,2024-09-03,745580.4333
XAU,2024-09-02,746559.5030
XAU,2024-08-30,755727.8546
XAU,2024-08-29,755631.6689
XAU,2024-08-28,756634.5530
XAU,2024-08-27,753648.0453
XAU,2024-08-26,755758.0030
XAU,2024-08-23,749484.1252
XAU,2024-08-22,751339.6873
XAU,2024-08-21,753525.2763
XAU,2024-08-20,746926.2607
XAU,2024-08-16,733735.0850
XAU,2024-08-15,733797.4710
XAU,2024-08-14,735052.0859
XAU,2024-08-13,739166.4339
XAU,2024-08-12,729046.9648
XAU,2024-08-09,730311.8852
XAU,2024-08-08,721246.9926
XAU,2024-08-07,723351.5496
XAU,2024-08-06,728861.1249
XAU,2024-08-05,736524.4575
XAU,2024-08-02,741707.2326
XAU,2024-08-01,740958.4933
XAU,2024-07-31,727903.5487
XAU,2024-07-30,720465.7305
XAU,2024-07-29,725661.0085
XAU,2024-07-26,720640.5519
XAU,2024-07-25,721798.7343
XAU,2024-07-24,732915.8944
XAU,2024-07-23,729480.4052
XAU,2024-07-22,730715.9092
XAU,2024-07-19,736772.8975
XAU,2024-07-18,747678.2172
XAU,2024-07-17,752089.3496
XAU,2024-07-16,732184.5939
XAU,2024-07-15,727982.6961
XAU,2024-07-12,730243.5030
XAU,2024-07-11,721597.0602
XAU,2024-07-10,720421.2229
XAU,2024-07-09,719637.2913
XAU,2024-07-08,727007.9486
XAU,2024-07-05,719240.6513
XAU,2024-07-04,717282.9398
XAU,2024-07-03,706675.7865
XAU,2024-07-02,713330.0223
XAU,2024-07-01,711879.0149
XAU,2024-06-28,709957.4903
XAU,2024-06-27,701893.3811
XAU,2024-06-26,708978.7229
XAU,2024-06-25,710273.8835
XAU,2024-06-24,709119.0547
XAU,2024-06-20,712480.7996
XAU,2024-06-19,709619.4065
XAU,2024-06-18,706492.2615
XAU,2024-06-14,700477.5825
XAU,2024-06-13,703449.6146
XAU,2024-06-12,702505.2169
XAU,2024-06-11,697962.2114
XAU,2024-06-10,695902.1464
XAU,2024-06-07,717719.3916
XAU,2024-06-06,715608.4219
XAU,2024-06-05,705045.5959
XAU,2024-06-04,708650.5778
XAU,2024-06-03,703082.3339
XAU,2024-05-31,708485.0474
XAU,2024-05-30,703860.0195
XAU,2024-05-29,710894.2605
XAU,2024-05-28,707028.9520
XAU,2024-05-27,701861.4469
XAU,2024-05-22,726648.2645
XAU,2024-05-21,725328.2757
XAU,2024-05-20,729715.5423
XAU,2024-05-17,717411.5730
XAU,2024-05-16,722490.9128
XAU,2024-05-15,709219.1633
XAU,2024-05-14,702582.1507
XAU,2024-05-13,704714.3788
XAU,2024-05-10,701530.6581
XAU,2024-05-09,689893.2253
XAU,2024-05-08,691861.8966
XAU,2024-05-07,691983.2367
XAU,2024-05-06,687459.9509
XAU,2024-05-03,682783.5916
XAU,2024-05-02,691063.0922
XAU,2024-04-30,691794.9397
XAU,2024-04-29,689518.3329
XAU,2024-04-26,693731.7144
XAU,2024-04-25,692992.9740
XAU,2024-04-24,699153.5689
XAU,2024-04-22,717491.4339
XAU,2024-04-19,725226.2293
XAU,2024-04-18,713467.7409
XAU,2024-04-17,715156.7977
XAU,2024-04-16,711821.3506
XAU,2024-04-15,705151.2418
XAU,2024-04-10,701944.7266
XAU,2024-04-09,700261.8396
XAU,2024-04-08,696873.5476
XAU,2024-04-05,681399.0040
XAU,2024-04-04,689962.8256
XAU,2024-04-03,684949.4692
XAU,2024-04-02,674834.3316
XAU,2024-04-01,678244.8857
XAU,2024-03-28,661225.3511
XAU,2024-03-27,657503.7044
XAU,2024-03-26,657416.2277
XAU,2024-03-25,660444.3487
XAU,2024-03-22,661296.8254
XAU,2024-03-21,670994.7390
XAU,2024-03-20,656229.9088
XAU,2024-03-19,658503.3392
XAU,2024-03-18,656909.3604
XAU,2024-03-15,661047.0452
XAU,2024-03-14,666024.9178
XAU,2024-03-13,662199.5945
XAU,2024-03-12,669528.6322
XAU,2024-03-11,669954.8592
XAU,2024-03-07,660532.5428
XAU,2024-03-06,654262.1400
XAU,2024-03-05,650912.9024
XAU,2024-03-04,643729.6161
XAU,2024-03-01,633779.3917
XAU,2024-02-29,631623.8903
XAU,2024-02-28,631565.5268
XAU,2024-02-27,631775.2107
XAU,2024-02-26,631896.9183
XAU,2024-02-22,631791.0845
XAU,2024-02-21,632728.2244
XAU,2024-02-20,630208.7637
XAU,2024-02-19,631234.7735
XAU,2024-02-16,627418.5234
XAU,2024-02-15,624100.2651
XAU,2024-02-14,624292.2265
XAU,2024-02-13,632582.2560
XAU,2024-02-12,633124.9470
XAU,2024-02-09,638048.9937
XAU,2024-02-08,638077.0015
XAU,2024-02-07,639169.5555
XAU,2024-02-06,632432.0805
XAU,2024-02-05,634113.5714
XAU,2024-02-02,644641.2222
XAU,2024-02-01,646984.9609
XAU,2024-01-31,645452.5852
XAU,2024-01-30,645668.8923
XAU,2024-01-29,642417.7175
XAU,2024-01-26,645896.6328
XAU,2024-01-24,648183.2744
XAU,2024-01-23,647486.0357
XAU,2024-01-22,650631.2829
XAU,2024-01-19,649352.4691
XAU,2024-01-18,645426.3493
XAU,2024-01-17,653193.5079
XAU,2024-01-16,660648.2825
XAU,2024-01-12,656572.4740
XAU,2024-01-11,655795.2479
XAU,2024-01-10,655447.6108
XAU,2024-01-09,656206.7880
XAU,2024-01-08,658780.6308
XAU,2024-01-05,660099.3722
XAU,2024-01-04,658732.3982
XAU,2024-01-03,662661.6264
XAU,2024-01-02,667794.0897
XAU,2024-01-01,668309.1651
XAU,2023-12-29,670390.0421
XAU,2023-12-28,676497.5971
XAU,2023-12-27,672799.9132
XAU,2023-12-22,669040.6334
XAU,2023-12-21,665454.3479
XAU,2023-12-20,666505.6443
XAU,2023-12-19,662250.1353
XAU,2023-12-18,660761.4320
XAU,2023-12-15,665307.7024
XAU,2023-12-14,664242.6492
XAU,2023-12-13,647142.2730
XAU,2023-12-12,648814.2495
XAU,2023-12-11,653174.6094
XAU,2023-12-08,663699.5619
XAU,2023-12-07,663820.7186
XAU,2023-12-06,662992.8088
XAU,2023-12-05,667296.2353
XAU,2023-12-04,684041.5819
XAU,2023-12-01,669046.2360
XAU,2023-11-30,672445.6512
XAU,2023-11-29,674404.4228
XAU,2023-11-28,663516.3817
XAU,2023-11-27,660575.9584
XAU,2023-11-24,654977.3895
XAU,2023-11-23,654995.8524
XAU,2023-11-22,655517.8492
XAU,2023-11-21,652983.0645
XAU,2023-11-20,650240.1858
XAU,2023-11-17,651059.6250
XAU,2023-11-16,644714.7945
XAU,2023-11-15,642820.4617
XAU,2023-11-14,635898.7259
XAU,2023-11-13,634736.4244
XAU,2023-11-10,643042.8804
XAU,2023-11-09,640939.7345
XAU,2023-11-08,644284.6508
XAU,2023-11-07,647094.7401
XAU,2023-11-06,654926.3640
XAU,2023-11-03,653498.0406
XAU,2023-11-02,651359.6676
XAU,2023-11-01,648249.9138
XAU,2023-10-31,653370.3909
XAU,2023-10-30,655615.9539
XAU,2023-10-27,649028.1438
XAU,2023-10-26,648343.5943
XAU,2023-10-25,646098.7282
XAU,2023-10-24,645146.8741
XAU,2023-10-23,640607.5650
XAU,2023-10-20,642993.3165
XAU,2023-10-19,632193.0051
XAU,2023-10-18,629486.1155
XAU,2023-10-17,619550.8816
XAU,2023-10-16,622203.7507
XAU,2023-10-13,606521.6618
XAU,2023-10-12,607521.0364
XAU,2023-10-11,602491.2826
XAU,2023-10-10,603308.5073
XAU,2023-10-09,599462.3582
XAU,2023-10-06,590267.7203
XAU,2023-10-05,591308.4066
XAU,2023-10-04,589801.8104
XAU,2023-10-03,588344.6000
XAU,2023-10-02,596255.6520
XAU,2023-09-27,616773.6456
XAU,2023-09-26,621327.2019
XAU,2023-09-25,623863.2047
XAU,2023-09-22,624959.6403
XAU,2023-09-21,625595.9553
XAU,2023-09-20,625528.9800
XAU,2023-09-19,625795.3898
XAU,2023-09-18,623255.1894
XAU,2023-09-15,619360.4759
XAU,2023-09-14,617504.4611
XAU,2023-09-13,615836.5431
XAU,2023-09-12,619557.4159
XAU,2023-09-11,618742.8397
XAU,2023-09-08,620916.8453
XAU,2023-09-07,617860.1058
XAU,2023-09-06,620037.3537
XAU,2023-09-05,620213.5682
XAU,2023-09-04,620909.8977
XAU,2023-09-01,620753.2642
XAU,2023-08-31,628175.5140
XAU,2023-08-29,622422.4913
XAU,2023-08-28,620462.2537
XAU,2023-08-25,621155.2425
XAU,2023-08-24,621729.9748
XAU,2023-08-23,615816.6318
XAU,2023-08-22,614261.7438
XAU,2023-08-21,610935.5692
XAU,2023-08-18,609569.8964
XAU,2023-08-17,607896.6375
XAU,2023-08-16,611543.5406
XAU,2023-08-15,611783.7891
XAU,2023-08-14,611563.4242
XAU,2023-08-11,612605.5806
XAU,2023-08-10,614618.0619
XAU,2023-08-09,619316.7070
XAU,2023-08-08,621691.2825
XAU,2023-08-07,618095.7219
XAU,2023-08-04,616281.5794
XAU,2023-08-03,608655.9837
XAU,2023-08-02,632562.0847
XAU,2023-07-31,644691.2050
XAU,2023-07-28,642198.2642
XAU,2023-07-27,652311.2712
XAU,2023-07-26,646609.1416
XAU,2023-07-25,645792.4550
XAU,2023-07-24,640967.5038
XAU,2023-07-21,640994.1718
XAU,2023-07-20,643807.1460
XAU,2023-07-19,636970.4859
XAU,2023-07-18,631881.5378
XAU,2023-07-17,622778.2113
XAU,2023-07-14,620860.5192
XAU,2023-07-13,616478.6457
XAU,2023-07-12,609246.7669
XAU,2023-07-11,602731.7725
XAU,2023-07-10,599540.0051
XAU,2023-07-07,588837.1634
XAU,2023-07-06,589149.1117
XAU,2023-07-05,589247.3671
XAU,2023-07-04,592069.9276
XAU,2023-06-28,591251.7768
XAU,2023-06-27,593858.9354
XAU,2023-06-26,591173.0150
XAU,2023-06-23,586842.2293
XAU,2023-06-22,593181.7670
XAU,2023-06-21,593437.0881
XAU,2023-06-20,596678.0432
XAU,2023-06-19,604530.8340
XAU,2023-06-16,614583.0425
XAU,2023-06-15,596714.4600
XAU,2023-06-14,590589.9481
XAU,2023-06-13,588064.9217
XAU,2023-06-12,579452.0471
XAU,2023-06-09,575798.8152
XAU,2023-06-08,566075.0468
XAU,2023-06-07,572183.5668
XAU,2023-06-06,572133.7665
XAU,2023-06-05,568579.4724
XAU,2023-06-02,578395.8600
XAU,2023-06-01,574644.7427
XAU,2023-05-31,577375.2505
XAU,2023-05-30,577206.5770
XAU,2023-05-29,582001.2715
XAU,2023-05-26,590203.5123
XAU,2023-05-25,593510.7745
XAU,2023-05-24,601718.6247
XAU,2023-05-23,600234.0551
XAU,2023-05-22,607552.8812
XAU,2023-05-19,598983.2636
XAU,2023-05-18,610045.4624
XAU,2023-05-17,618174.6204
XAU,2023-05-16,630511.5769
XAU,2023-05-15,630846.4773
XAU,2023-05-12,631042.0509
XAU,2023-05-11,643440.8982
XAU,2023-05-10,646412.6109
XAU,2023-05-09,644578.0834
XAU,2023-05-08,645062.0265
XAU,2023-05-04,653817.9463
XAU,2023-05-03,647542.1215
XAU,2023-05-02,636985.8250
XAU,2023-04-28,639888.9018
XAU,2023-04-27,642714.8086
XAU,2023-04-26,642879.2980
XAU,2023-04-25,642565.4130
XAU,2023-04-24,637498.2041
XAU,2023-04-21,643079.0489
XAU,2023-04-20,639312.6741
XAU,2023-04-19,643259.3376
XAU,2023-04-18,639092.3755
XAU,2023-04-17,640709.1982
XAU,2023-04-12,645033.4988
XAU,2023-04-11,638640.9352
XAU,2023-04-10,637805.9734
XAU,2023-04-06,645929.0931
XAU,2023-04-04,641219.6206
XAU,2023-04-03,641145.1125
XAU,2023-03-31,649005.9067
XAU,2023-03-30,638308.8637
XAU,2023-03-29,635279.5251
XAU,2023-03-28,627554.8604
XAU,2023-03-27,633311.8799
XAU,2023-03-24,634623.7359
XAU,2023-03-23,626798.2959
XAU,2023-03-22,624631.9282
XAU,2023-03-21,663595.4026
XAU,2023-03-20,662084.0501
XAU,2023-03-17,648208.6480
XAU,2023-03-16,644344.3034
XAU,2023-03-15,622995.3027
XAU,2023-03-14,615386.9902
XAU,2023-03-13,600794.5877
XAU,2023-03-10,583174.8619
XAU,2023-03-09,579591.2404
XAU,2023-03-08,591799.8372
XAU,2023-03-07,624541.3189
XAU,2023-03-03,637009.6092
XAU,2023-03-02,648886.6779
XAU,2023-03-01,655376.5151
XAU,2023-02-28,657645.5099
XAU,2023-02-27,657461.3542
XAU,2023-02-24,661724.0328
XAU,2023-02-23,661194.0452
XAU,2023-02-22,664090.0795
XAU,2023-02-21,666880.0170
XAU,2023-02-20,667014.9408
XAU,2023-02-17,662148.9264
XAU,2023-02-16,666551.6832
XAU,2023-02-15,672201.2544
XAU,2023-02-14,672163.2528
XAU,2023-02-13,673560.2640
XAU,2023-02-10,673992.1715
XAU,2023-02-09,680193.7152
XAU,2023-02-08,679312.0496
XAU,2023-02-07,678039.7602
XAU,2023-02-06,678528.1539
XAU,2023-02-03,693599.0914
XAU,2023-02-02,707335.4694
XAU,2023-02-01,697267.9774
XAU,2023-01-31,697239.0062
XAU,2023-01-30,697208.2243
XAU,2023-01-27,698312.7513
XAU,2023-01-26,704726.2507
XAU,2023-01-25,702391.2120
XAU,2023-01-24,700752.4380
XAU,2023-01-23,700546.0068
XAU,2023-01-20,699495.7900
XAU,2023-01-19,689535.2806
XAU,2023-01-18,691197.3888
XAU,2023-01-17,692025.1072
XAU,2023-01-13,687493.4848
XAU,2023-01-12,681960.2688
XAU,2023-01-11,679382.9312
XAU,2023-01-10,678500.4368
XAU,2023-01-09,681633.8639
XAU,2023-01-05,673465.5637
XAU,2023-01-04,670070.4852
XAU,2023-01-03,665077.7227
XAU,2023-01-02,662292.6508
XAU,2022-12-30,659752.7145
XAU,2022-12-29,656700.6329
XAU,2022-12-28,657493.3325
XAU,2022-12-27,655666.0095
XAU,2022-12-23,651638.2205
XAU,2022-12-22,660564.4346
XAU,2022-12-21,659692.8506
XAU,2022-12-20,648767.5099
XAU,2022-12-19,652006.1586
XAU,2022-12-16,647228.5257
XAU,2022-12-15,652343.9160
XAU,2022-12-14,657430.2519
XAU,2022-12-13,647864.0907
XAU,2022-12-12,649416.6852
XAU,2022-12-09,651082.5374
XAU,2022-12-08,647598.9693
XAU,2022-12-06,644150.5752
XAU,2022-12-05,656347.4593
XAU,2022-12-02,652701.4607
XAU,2022-12-01,644694.9371
XAU,2022-11-30,636340.8188
XAU,2022-11-29,634395.9497
XAU,2022-11-28,635135.6550
XAU,2022-11-25,638232.0450
XAU,2022-11-24,637902.8603
XAU,2022-11-23,632470.0075
XAU,2022-11-22,633440.5525
XAU,2022-11-21,634287.5075
XAU,2022-11-18,641035.8850
XAU,2022-11-17,642808.5291
XAU,2022-11-16,645810.4575
XAU,2022-11-15,644074.7450
XAU,2022-11-14,640354.3225
XAU,2022-11-11,636157.7150
XAU,2022-11-10,620801.6575
XAU,2022-11-09,621090.6400
XAU,2022-11-08,608079.1575
XAU,2022-11-04,594693.2700
XAU,2022-11-03,595130.8125
XAU,2022-11-02,599083.5165
XAU,2022-11-01,595381.4895
XAU,2022-10-31,596771.1120
XAU,2022-10-28,604907.2155
XAU,2022-10-27,604389.5130
XAU,2022-10-26,601056.2355
XAU,2022-10-25,598982.8737
XAU,2022-10-21,590981.2461
XAU,2022-10-20,589856.5850
XAU,2022-10-19,600111.1686
XAU,2022-10-18,599593.3521
XAU,2022-10-17,599749.6055
XAU,2022-10-14,605722.9671
XAU,2022-10-13,606203.0570
XAU,2022-10-12,603682.3355
XAU,2022-10-11,604406.6476
XAU,2022-10-07,620462.9948
XAU,2022-10-06,624494.6505
XAU,2022-10-05,624295.0555
XAU,2022-10-04,615639.8905
XAU,2022-10-03,604681.2178
XAU,2022-09-30,602776.9000
XAU,2022-09-29,600537.5711
XAU,2022-09-28,589447.5830
XAU,2022-09-27,591531.8447
XAU,2022-09-26,595644.1005
XAU,2022-09-23,606412.2326
XAU,2022-09-22,602193.7016
XAU,2022-09-21,604566.8135
XAU,2022-09-20,608316.5685
XAU,2022-09-19,605567.4014
XAU,2022-09-16,603341.2095
XAU,2022-09-15,614340.0643
XAU,2022-09-14,617398.9429
XAU,2022-09-13,623772.3659
XAU,2022-09-12,621279.8490
XAU,2022-09-09,621594.8879
XAU,2022-09-08,620660.9428
XAU,2022-09-07,614040.1831
XAU,2022-09-06,620792.1823
XAU,2022-09-05,617806.6053
XAU,2022-09-02,613501.7358
XAU,2022-09-01,615711.2287
XAU,2022-08-31,622173.1342
XAU,2022-08-30,626579.8277
XAU,2022-08-29,623633.3045
XAU,2022-08-26,634418.9433
XAU,2022-08-25,633813.8551
XAU,2022-08-24,630154.3800
XAU,2022-08-23,628123.7550
XAU,2022-08-22,630943.8553
XAU,2022-08-19,634073.2697
XAU,2022-08-18,636816.4618
XAU,2022-08-17,641234.9361
XAU,2022-08-16,643301.3471
XAU,2022-08-15,648080.5842
XAU,2022-08-12,644757.7948
XAU,2022-08-10,647553.4666
XAU,2022-08-09,644037.8749
XAU,2022-08-08,640465.1000
XAU,2022-08-05,645603.4152
XAU,2022-08-04,638107.0841
XAU,2022-08-03,637121.7577
XAU,2022-08-02,641386.8950
XAU,2022-08-01,637002.5500
XAU,2022-07-29,632998.3440
XAU,2022-07-28,626347.6350
XAU,2022-07-27,619841.2057
XAU,2022-07-26,623156.3950
XAU,2022-07-25,623058.9896
XAU,2022-07-22,619699.9535
XAU,2022-07-21,612271.5047
XAU,2022-07-20,619190.3290
XAU,2022-07-19,616796.9766
XAU,2022-07-18,618718.6700
XAU,2022-07-15,619784.8866
XAU,2022-07-14,625587.6685
XAU,2022-07-12,626211.3321
XAU,2022-07-11,629690.3168
XAU,2022-07-08,628253.4862
XAU,2022-07-07,627886.3353
XAU,2022-07-06,637359.5125
XAU,2022-07-05,651358.6458
XAU,2022-07-04,651045.6250
XAU,2022-07-01,649205.2778
XAU,2022-06-30,655624.3054
XAU,2022-06-29,655461.9994
XAU,2022-06-28,656245.2590
XAU,2022-06-27,661400.9085
XAU,2022-06-24,657527.6835
XAU,2022-06-23,661636.1655
XAU,2022-06-22,659292.0298
XAU,2022-06-21,666291.0463
XAU,2022-06-20,663006.1913
XAU,2022-06-17,663582.2588
XAU,2022-06-16,659009.0844
XAU,2022-06-15,654547.3583
XAU,2022-06-13,669519.3625
XAU,2022-06-10,664350.9110
XAU,2022-06-09,666585.4131
XAU,2022-06-08,665821.8530
XAU,2022-06-07,663214.6663
XAU,2022-06-06,668110.8348
XAU,2022-06-03,674537.4465
XAU,2022-06-02,665341.2570
XAU,2022-06-01,661364.3922
XAU,2022-05-31,667519.6394
XAU,2022-05-30,670856.6694
XAU,2022-05-27,665950.7063
XAU,2022-05-26,665551.3405
XAU,2022-05-25,669218.1539
XAU,2022-05-24,664819.3868
XAU,2022-05-23,665733.5924
XAU,2022-05-20,660443.6464
XAU,2022-05-19,652782.8003
XAU,2022-05-18,651996.8973
XAU,2022-05-17,656919.6888
XAU,2022-05-13,657106.2000
XAU,2022-05-12,668628.0000
XAU,2022-05-11,670120.6578
XAU,2022-05-10,678433.5382
XAU,2022-05-09,684258.7554
XAU,2022-05-06,671177.6697
XAU,2022-05-05,664815.2485
XAU,2022-05-04,633019.9730
XAU,2022-04-29,649916.6738
XAU,2022-04-28,643701.8408
XAU,2022-04-27,642461.0965
XAU,2022-04-26,647700.6160
XAU,2022-04-25,643935.9060
XAU,2022-04-22,652885.8298
XAU,2022-04-21,654404.0750
XAU,2022-04-20,603379.3500
XAU,2022-04-19,612806.4500
XAU,2022-04-18,622363.6255
XAU,2022-04-12,613643.7092
XAU,2022-04-11,605318.0429
XAU,2022-04-08,577457.2050
XAU,2022-04-07,576208.1447
XAU,2022-04-06,591941.5361
XAU,2022-04-05,593692.8560
XAU,2022-04-04,596766.3634
XAU,2022-04-01,578835.0120
XAU,2022-03-31,576139.0187
XAU,2022-03-30,589041.4516
XAU,2022-03-29,568294.6286
XAU,2022-03-28,574607.2926
XAU,2022-03-25,569578.8500
XAU,2022-03-24,543856.6000
XAU,2022-03-23,539103.2437
XAU,2022-03-22,541123.8000
XAU,2022-03-21,529777.8750
XAU,2022-03-18,518656.5569
XAU,2022-03-16,515218.0169
XAU,2022-03-15,511777.9051
XAU,2022-03-14,497107.3938
XAU,2022-03-11,502614.1654
XAU,2022-03-10,452625.1616
XAU,2022-03-09,470485.3275
XAU,2022-03-08,401727.4060
XAU,2022-03-07,402149.5078
XAU,2022-03-04,390696.3954
XAU,2022-03-03,389656.9900
XAU,2022-03-02,391394.2215
XAU,2022-02-28,384052.2354
XAU,2022-02-25,387214.0958
XAU,2022-02-24,385184.8164
XAU,2022-02-23,382054.2875
XAU,2022-02-22,385633.1500
XAU,2022-02-21,382972.9911
XAU,2022-02-18,382119.9492
XAU,2022-02-17,377515.9905
XAU,2022-02-15,376213.0467
XAU,2022-02-14,373541.6726
XAU,2022-02-11,368768.1700
XAU,2022-02-10,370349.9251
XAU,2022-02-09,369338.8405
XAU,2022-02-08,368772.1754
XAU,2022-02-07,365726.0500
XAU,2022-02-03,364172.3264
XAU,2022-02-02,362418.9270
XAU,2022-02-01,362916.8635
XAU,2022-01-31,359927.6811
XAU,2022-01-28,361856.5697
XAU,2022-01-27,366979.8539
XAU,2022-01-26,372481.5727
XAU,2022-01-25,371918.2306
XAU,2022-01-24,370986.1300
XAU,2022-01-21,373065.0688
XAU,2022-01-20,369878.2094
XAU,2022-01-19,366147.1999
XAU,2022-01-18,367898.9144
XAU,2022-01-13,368174.8073
XAU,2022-01-12,365731.9862
XAU,2022-01-11,362996.0905
XAU,2022-01-10,362433.6741
XAU,2022-01-07,360489.7804
XAU,2022-01-06,363700.8582
XAU,2022-01-05,366167.7737
XAU,2022-01-04,361395.0000
XAU,2022-01-03,366331.8541
XAU,2021-12-31,363794.3622
XAU,2021-12-30,365943.0250
XAU,2021-12-29,362873.3501
XAU,2021-12-28,364536.4166
XAU,2021-12-27,363783.1354
XAU,2021-12-24,364066.4298
XAU,2021-12-23,362529.1824
XAU,2021-12-22,360158.2469
XAU,2021-12-21,360955.7951
XAU,2021-12-20,365532.9650
XAU,2021-12-17,363292.1121
XAU,2021-12-16,357680.2482
XAU,2021-12-15,357788.6022
XAU,2021-12-14,361058.9448
XAU,2021-12-13,359799.3570
XAU,2021-12-10,357741.4044
XAU,2021-12-09,358917.0198
XAU,2021-12-08,360830.9716
XAU,2021-12-07,356151.8067
XAU,2021-12-06,361316.5913
XAU,2021-12-03,355089.2498
XAU,2021-12-02,359702.7776
XAU,2021-12-01,359368.5773
XAU,2021-11-30,361493.1057
XAU,2021-11-29,361854.3405
XAU,2021-11-26,360578.9055
XAU,2021-11-25,360440.4468
XAU,2021-11-24,360174.2915
XAU,2021-11-23,366282.1274
XAU,2021-11-22,373401.7290
XAU,2021-11-19,376442.0766
XAU,2021-11-17,373359.0145
XAU,2021-11-16,377400.3452
XAU,2021-11-15,375757.4363
XAU,2021-11-12,375906.5668
XAU,2021-11-11,371475.8119
XAU,2021-11-10,369988.7602
XAU,2021-11-09,368684.5247
XAU,2021-11-08,364533.6979
XAU,2021-11-05,363699.6537
XAU,2021-11-03,360792.8031
XAU,2021-11-02,362714.6043
XAU,2021-11-01,360641.3003
XAU,2021-10-29,362861.2144
XAU,2021-10-28,360121.7702
XAU,2021-10-27,361708.7838
XAU,2021-10-26,366415.3451
XAU,2021-10-25,362305.0527
XAU,2021-10-22,359257.2510
XAU,2021-10-21,358686.3571
XAU,2021-10-18,354373.7072
XAU,2021-10-15,361333.3063
XAU,2021-10-14,357692.2192
XAU,2021-10-13,352553.0000
XAU,2021-10-12,355889.0280
XAU,2021-10-11,355980.1080
XAU,2021-10-08,357088.6779
XAU,2021-10-07,351880.5683
XAU,2021-10-06,351657.2255
XAU,2021-10-05,352717.0000
XAU,2021-10-04,352218.3804
XAU,2021-10-01,352304.5933
XAU,2021-09-30,346524.2217
XAU,2021-09-29,347688.1385
XAU,2021-09-28,350761.7428
XAU,2021-09-27,351783.0000
XAU,2021-09-24,350604.6206
XAU,2021-09-23,352464.6795
XAU,2021-09-22,354863.7785
XAU,2021-09-21,352713.8013
XAU,2021-09-17,351397.0000
XAU,2021-09-16,359122.3120
XAU,2021-09-15,360703.0000
XAU,2021-09-14,358519.0000
XAU,2021-09-13,358009.0000
XAU,2021-09-10,359399.0000
XAU,2021-09-09,357955.8860
XAU,2021-09-08,359885.0063
XAU,2021-09-07,378646.0583
XAU,2021-09-06,379003.7293
XAU,2021-09-03,376198.3447
XAU,2021-09-02,380812.9500
XAU,2021-09-01,380489.5500
XAU,2021-08-31,380701.6500
XAU,2021-08-30,368011.1542
XAU,2021-08-27,359409.0000
XAU,2021-08-26,357679.5578
XAU,2021-08-25,358637.5915
XAU,2021-08-24,360217.8010
XAU,2021-08-23,357060.3805
XAU,2021-08-20,356420.7005
XAU,2021-08-19,356048.8865
XAU,2021-08-18,357656.0825
XAU,2021-08-17,357142.1241
XAU,2021-08-16,355563.4401
XAU,2021-08-13,350961.5342
XAU,2021-08-12,349871.9920
XAU,2021-08-11,346263.5082
XAU,2021-08-10,346893.4665
XAU,2021-08-09,347848.0458
XAU,2021-08-06,360018.9005
XAU,2021-08-05,361815.5917
XAU,2021-08-04,362447.6855
XAU,2021-08-03,362171.8235
XAU,2021-08-02,362244.7870
XAU,2021-07-30,365562.1275
XAU,2021-07-29,362915.4455
XAU,2021-07-28,360440.3797
XAU,2021-07-27,359158.9919
XAU,2021-07-26,360997.8446
XAU,2021-07-22,360072.8735
XAU,2021-07-20,363473.6287
XAU,2021-07-19,362531.1195
XAU,2021-07-16,365146.3355
XAU,2021-07-15,365048.0193
XAU,2021-07-14,361945.9365
XAU,2021-07-13,361901.9585
XAU,2021-07-12,361090.4848
XAU,2021-07-09,360746.5365
XAU,2021-07-08,359497.1615
XAU,2021-07-07,360091.8640
XAU,2021-07-06,359413.2035
XAU,2021-07-05,357520.2861
XAU,2021-07-02,356517.4429
XAU,2021-07-01,355857.4525
XAU,2021-06-30,354897.1149
XAU,2021-06-29,354898.3502
XAU,2021-06-28,354672.5329
XAU,2021-06-25,355611.2929
XAU,2021-06-23,355877.9284
XAU,2021-06-22,356845.3114
XAU,2021-06-21,354655.9585
XAU,2021-06-18,356490.5659
XAU,2021-06-17,364301.6535
XAU,2021-06-16,370516.6090
XAU,2021-06-15,371487.9525
XAU,2021-06-14,372951.8535
XAU,2021-06-11,379544.7112
XAU,2021-06-10,376639.0436
XAU,2021-06-09,378137.8396
XAU,2021-06-08,378980.1725
XAU,2021-06-07,376683.3546
XAU,2021-06-04,372008.7218
XAU,2021-06-03,380329.1456
XAU,2021-06-02,378929.3025
XAU,2021-06-01,381608.5875
XAU,2021-05-31,380914.3275
XAU,2021-05-28,378189.2269
XAU,2021-05-25,374205.8588
XAU,2021-05-24,376610.5198
XAU,2021-05-21,374243.7845
XAU,2021-05-20,373837.0836
XAU,2021-05-19,372745.9445
XAU,2021-05-18,373831.0075
XAU,2021-05-17,369107.9175
XAU,2021-05-13,363497.9775
XAU,2021-05-12,365269.0623
XAU,2021-05-11,366459.5435
XAU,2021-05-10,365444.3447
XAU,2021-05-07,362343.1422
XAU,2021-05-06,356564.2146
XAU,2021-05-05,355431.8713
XAU,2021-05-04,357619.5197
XAU,2021-05-03,353235.3382
XAU,2021-04-30,352778.2958
XAU,2021-04-29,357042.1388
XAU,2021-04-28,349949.2625
XAU,2021-04-27,350522.0125
XAU,2021-04-23,343222.3454
XAU,2021-04-22,344571.8400
XAU,2021-04-21,341737.1828
XAU,2021-04-20,339685.9922
XAU,2021-04-19,345535.9567
XAU,2021-04-16,352003.8571
XAU,2021-04-15,347189.0000
XAU,2021-04-12,347700.4644
XAU,2021-04-09,350478.7610
XAU,2021-04-08,347090.9294
XAU,2021-04-07,345640.8392
XAU,2021-04-06,346337.5363
XAU,2021-04-05,344128.2281
XAU,2021-04-01,340552.5789
XAU,2021-03-31,334621.1861
XAU,2021-03-30,340839.8238
XAU,2021-03-29,343309.5833
XAU,2021-03-26,342722.1651
XAU,2021-03-25,343449.8100
XAU,2021-03-24,344406.5435
XAU,2021-03-23,342626.4075
XAU,2021-03-22,343119.1253
XAU,2021-03-19,344865.5196
XAU,2021-03-18,346092.3345
XAU,2021-03-17,344029.6749
XAU,2021-03-16,340740.5094
XAU,2021-03-15,338400.3333
XAU,2021-03-12,338545.3146
XAU,2021-03-10,335505.3575
XAU,2021-03-09,330169.1975
XAU,2021-03-08,334753.6725
XAU,2021-03-05,331017.2461
XAU,2021-03-04,334643.5678
XAU,2021-03-03,338912.4097
XAU,2021-03-02,333644.3275
XAU,2021-03-01,339084.6911
XAU,2021-02-25,349239.8511
XAU,2021-02-24,351890.4773
XAU,2021-02-23,352290.9747
XAU,2021-02-22,347926.5540
XAU,2021-02-19,344425.6283
XAU,2021-02-18,347241.2108
XAU,2021-02-17,349422.2486
XAU,2021-02-16,354025.5085
XAU,2021-02-15,354016.7798
XAU,2021-02-12,354527.9269
XAU,2021-02-11,357305.2525
XAU,2021-02-10,357391.5722
XAU,2021-02-09,357705.2093
XAU,2021-02-08,350904.9914
XAU,2021-02-05,349278.2958
XAU,2021-02-03,357802.4655
XAU,2021-02-02,358623.5823
XAU,2021-02-01,354643.8128
XAU,2021-01-29,358336.6826
XAU,2021-01-27,361385.8420
XAU,2021-01-26,364576.7482
XAU,2021-01-25,365157.4855
XAU,2021-01-22,366219.6806
XAU,2021-01-21,364045.3203
XAU,2021-01-20,359976.9641
XAU,2021-01-19,356382.8256
XAU,2021-01-18,352372.9886
XAU,2021-01-15,353898.7153
XAU,2021-01-13,348062.6283
XAU,2021-01-12,345659.2150
XAU,2021-01-11,343760.6994
XAU,2021-01-08,354554.4975
XAU,2021-01-07,354597.7418
XAU,2021-01-06,360408.6750
XAU,2021-01-05,358687.2500
XAU,2021-01-04,355430.6336
XAU,2021-01-01,352000.1960
XAU,2020-12-31,353596.7825
XAU,2020-12-30,353921.5596
XAU,2020-12-28,361072.6209
XAU,2020-12-24,357381.1793
XAU,2020-12-23,352739.6245
XAU,2020-12-22,353068.3925
XAU,2020-12-21,356078.2977
XAU,2020-12-18,353176.4086
XAU,2020-12-17,350395.3104
XAU,2020-12-16,348446.1946
XAU,2020-12-15,342144.9250
XAU,2020-12-14,341727.1109
XAU,2020-12-11,341764.3291
XAU,2020-12-10,342385.7552
XAU,2020-12-09,347670.0502
XAU,2020-12-08,347420.2748
XAU,2020-12-07,341026.9103
XAU,2020-12-04,343381.0764
XAU,2020-12-03,341606.7077
XAU,2020-12-02,336530.8480
XAU,2020-12-01,331029.6410
XAU,2020-11-30,329385.2693
XAU,2020-11-27,335171.7382
XAU,2020-11-26,335906.0538
XAU,2020-11-25,335601.8100
XAU,2020-11-24,338752.0146
XAU,2020-11-23,346492.5679
XAU,2020-11-20,344095.1126
XAU,2020-11-19,346081.0073
XAU,2020-11-18,347507.5315
XAU,2020-11-17,349696.2735
XAU,2020-11-16,350140.7714
XAU,2020-11-13,346823.0905
XAU,2020-11-12,344995.2137
XAU,2020-11-11,347059.5479
XAU,2020-11-10,346220.9551
XAU,2020-11-09,360728.6569
XAU,2020-11-06,358166.0304
XAU,2020-11-05,351550.1411
XAU,2020-11-04,349079.0088
XAU,2020-11-03,349605.4665
XAU,2020-11-02,346729.4339
XAU,2020-10-29,346177.0560
XAU,2020-10-28,351447.6432
XAU,2020-10-27,351997.5891
XAU,2020-10-26,350615.4279
XAU,2020-10-23,351277.1657
XAU,2020-10-22,352742.5775
XAU,2020-10-21,353882.2321
XAU,2020-10-20,350177.5135
XAU,2020-10-19,350428.8328
XAU,2020-10-16,352266.3242
XAU,2020-10-15,350298.5918
XAU,2020-10-14,348899.8728
XAU,2020-10-13,352300.1725
XAU,2020-10-12,354776.8523
XAU,2020-10-09,351053.5794
XAU,2020-10-08,348061.4133
XAU,2020-10-07,347324.5254
XAU,2020-10-06,352998.2169
XAU,2020-10-05,350354.3340
XAU,2020-10-02,350942.1428
XAU,2020-09-30,351689.5727
XAU,2020-09-29,349517.4288
XAU,2020-09-28,344622.7254
XAU,2020-09-25,345306.5693
XAU,2020-09-24,344693.9143
XAU,2020-09-23,352531.2521
XAU,2020-09-22,354121.8279
XAU,2020-09-21,362202.4838
XAU,2020-09-18,361065.1720
XAU,2020-09-17,360234.7217
XAU,2020-09-16,361131.4413
XAU,2020-09-15,361951.2417
XAU,2020-09-14,359767.4482
XAU,2020-09-11,359424.2090
XAU,2020-09-10,358691.2271
XAU,2020-09-09,355512.5661
XAU,2020-09-08,355980.3416
XAU,2020-09-07,359016.9101
XAU,2020-09-04,359288.5660
XAU,2020-09-03,361496.5905
XAU,2020-09-02,365896.6117
XAU,2020-08-31,366955.7725
XAU,2020-08-28,360306.9863
XAU,2020-08-27,362176.1276
XAU,2020-08-26,359077.4137
XAU,2020-08-25,357435.7853
XAU,2020-08-24,356025.2311
XAU,2020-08-21,362097.6790
XAU,2020-08-20,359550.1021
XAU,2020-08-19,367033.5751
XAU,2020-08-18,365571.0412
XAU,2020-08-17,354822.5180
XAU,2020-08-14,356622.1340
XAU,2020-08-13,355293.5396
XAU,2020-08-12,347883.9436
XAU,2020-08-11,373221.1713
XAU,2020-08-10,376263.4020
XAU,2020-08-07,382997.3043
XAU,2020-08-06,378308.6044
XAU,2020-08-05,373601.2648
XAU,2020-08-04,366878.2947
XAU,2020-07-31,365354.5794
XAU,2020-07-30,364649.5331
XAU,2020-07-29,362747.3693
XAU,2020-07-28,367184.4185
XAU,2020-07-27,356934.8181
XAU,2020-07-24,350082.1012
XAU,2020-07-23,346620.7554
XAU,2020-07-22,345312.6634
XAU,2020-07-21,337487.6430
XAU,2020-07-20,335783.2153
XAU,2020-07-17,334208.3590
XAU,2020-07-16,336114.4912
XAU,2020-07-15,336213.4811
XAU,2020-07-14,334201.8742
XAU,2020-07-13,335314.3327
XAU,2020-07-10,334636.7827
XAU,2020-07-09,336177.4029
XAU,2020-07-08,333330.5534
XAU,2020-07-07,331612.8160
XAU,2020-07-06,329730.7739
XAU,2020-07-03,330503.1284
XAU,2020-07-02,329584.8147
XAU,2020-07-01,331816.8853
XAU,2020-06-30,329887.6247
XAU,2020-06-29,329045.7733
XAU,2020-06-26,328481.3555
XAU,2020-06-25,328619.2931
XAU,2020-06-24,330195.4607
XAU,2020-06-23,326796.1545
XAU,2020-06-22,327483.0588
XAU,2020-06-19,322063.8597
XAU,2020-06-18,321891.5874
XAU,2020-06-17,320746.0316
XAU,2020-06-16,321340.5167
XAU,2020-06-15,320777.0485
XAU,2020-06-12,319553.7878
XAU,2020-06-11,320732.4801
XAU,2020-06-10,317878.5953
XAU,2020-06-09,314088.2911
XAU,2020-06-08,312995.6876
XAU,2020-06-04,316738.3751
XAU,2020-06-03,320945.1601
XAU,2020-06-02,323771.5192
XAU,2020-06-01,323778.8645
XAU,2020-05-29,320437.6120
XAU,2020-05-28,319135.9529
XAU,2020-05-27,318387.9870
XAU,2020-05-26,321499.3205
XAU,2020-05-22,322631.8753
XAU,2020-05-21,326725.3439
XAU,2020-05-20,328111.1902
XAU,2020-05-19,326418.3713
XAU,2020-05-18,331130.4862
XAU,2020-05-15,325797.6900
XAU,2020-05-14,322608.1210
XAU,2020-05-13,320922.0112
XAU,2020-05-12,319192.0830
XAU,2020-05-11,321794.2706
XAU,2020-05-06,321908.6417
XAU,2020-05-05,323078.4631
XAU,2020-05-04,325946.3284
XAU,2020-04-30,329935.1758
XAU,2020-04-29,329852.1700
XAU,2020-04-28,327834.2760
XAU,2020-04-27,330675.0912
XAU,2020-04-24,330819.2064
XAU,2020-04-23,329659.0750
XAU,2020-04-22,325064.7310
XAU,2020-04-21,329374.9588
XAU,2020-04-20,322210.6956
XAU,2020-04-17,329432.4437
XAU,2020-04-16,328801.8126
XAU,2020-04-15,332167.3584
XAU,2020-04-09,329178.2171
XAU,2020-04-08,327248.5005
XAU,2020-04-06,315494.7532
XAU,2020-04-03,307930.2000
XAU,2020-04-02,301405.4360
XAU,2020-04-01,300778.3204
XAU,2020-03-31,305139.7458
XAU,2020-03-30,308144.1894
XAU,2020-03-27,307664.4158
XAU,2020-03-26,303239.9968
XAU,2020-03-25,305811.0148
XAU,2020-03-24,294505.8325
XAU,2020-03-23,279400.4400
XAU,2020-03-20,277304.5254
XAU,2020-03-19,274185.2433
XAU,2020-03-18,283550.1850
XAU,2020-03-17,273661.3893
XAU,2020-03-13,285704.2520
XAU,2020-03-12,298560.0232
XAU,2020-03-11,302242.1927
XAU,2020-03-10,303462.4354
XAU,2020-03-06,303817.3542
XAU,2020-03-05,298366.9877
XAU,2020-03-04,299513.1130
XAU,2020-03-03,290980.7063
XAU,2020-03-02,290496.8585
XAU,2020-02-28,298653.6141
XAU,2020-02-27,299901.6466
XAU,2020-02-26,298398.4330
XAU,2020-02-25,301022.2439
XAU,2020-02-24,302236.2590
XAU,2020-02-20,292809.6616
XAU,2020-02-19,290861.2731
XAU,2020-02-18,287971.2794
XAU,2020-02-17,287174.5882
XAU,2020-02-14,285943.6003
XAU,2020-02-13,284898.0125
XAU,2020-02-12,284378.4915
XAU,2020-02-11,284588.0117
XAU,2020-02-10,284811.4399
XAU,2020-02-07,284043.1621
XAU,2020-02-06,282094.5692
XAU,2020-02-05,282201.0588
XAU,2020-02-03,287157.0771
XAU,2020-01-31,285448.1717
XAU,2020-01-30,286848.7107
XAU,2020-01-29,284197.8850
XAU,2020-01-28,287135.6522
XAU,2020-01-27,287017.4756
XAU,2020-01-24,283295.7799
XAU,2020-01-23,282569.6127
XAU,2020-01-22,281621.3899
XAU,2020-01-21,284043.1878
XAU,2020-01-20,282471.4471
XAU,2020-01-17,281879.7732
XAU,2020-01-16,282651.0482
XAU,2020-01-14,278953.6886
XAU,2020-01-13,282455.9266
XAU,2020-01-09,282927.7036
XAU,2020-01-08,288445.4997
XAU,2020-01-07,282549.3199
XAU,2020-01-06,285968.4138
XAU,2020-01-03,279285.1269
XAU,2020-01-02,275110.7588
XAU,2020-01-01,275390.7115
XAU,2019-12-31,276404.2458
XAU,2019-12-30,274762.2125
XAU,2019-12-27,274215.5706
XAU,2019-12-26,272729.9238
XAU,2019-12-24,269930.9028
XAU,2019-12-23,268400.1738
XAU,2019-12-20,268032.2004
XAU,2019-12-19,267765.3807
XAU,2019-12-18,267338.9958
XAU,2019-12-17,267515.0192
XAU,2019-12-16,267046.3619
XAU,2019-12-13,265628.9051
XAU,2019-12-12,267239.1959
XAU,2019-12-10,264882.3865
XAU,2019-12-09,264750.7298
XAU,2019-12-06,267559.7283
XAU,2019-12-05,267590.5591
XAU,2019-12-04,268153.9337
XAU,2019-12-03,264671.0123
XAU,2019-12-02,264071.0187
XAU,2019-11-29,262883.5460
XAU,2019-11-28,263737.0006
XAU,2019-11-27,264422.6260
XAU,2019-11-26,262403.2305
XAU,2019-11-25,262970.0986
XAU,2019-11-22,262809.4493
XAU,2019-11-21,263770.9752
XAU,2019-11-20,264174.0769
XAU,2019-11-19,264345.7000
XAU,2019-11-18,264220.0510
XAU,2019-11-15,264613.2172
XAU,2019-11-14,263474.0231
XAU,2019-11-13,263424.6922
XAU,2019-11-08,265685.0772
XAU,2019-11-07,269131.4158
XAU,2019-11-06,267562.8302
XAU,2019-11-05,272275.9260
XAU,2019-11-04,274282.3908
XAU,2019-11-01,273912.5679
XAU,2019-10-31,272056.6079
XAU,2019-10-30,270325.3523
XAU,2019-10-29,270803.5539
XAU,2019-10-28,272813.5252
XAU,2019-10-25,272165.9916
XAU,2019-10-24,270982.3636
XAU,2019-10-23,270374.3397
XAU,2019-10-22,269823.0048
XAU,2019-10-21,271163.7153
XAU,2019-10-18,271567.8941
XAU,2019-10-17,270722.7610
XAU,2019-10-16,269434.2622
XAU,2019-10-15,270048.5209
XAU,2019-10-14,268524.9955
XAU,2019-10-11,270174.4692
XAU,2019-10-10,272217.8672
XAU,2019-10-09,271913.7791
XAU,2019-10-08,270206.0677
XAU,2019-10-07,273463.0752
XAU,2019-10-04,274065.4032
XAU,2019-10-03,273311.4469
XAU,2019-10-02,269484.9985
XAU,2019-10-01,267054.5853
XAU,2019-09-30,271696.4479
XAU,2019-09-27,273560.6405
XAU,2019-09-26,273936.2408
XAU,2019-09-25,277597.8450
XAU,2019-09-24,275641.1185
XAU,2019-09-23,274901.8151
XAU,2019-09-20,271873.2472
XAU,2019-09-19,269736.0644
XAU,2019-09-18,271319.3661
XAU,2019-09-17,270772.0153
XAU,2019-09-16,271629.0316
XAU,2019-09-12,269223.5828
XAU,2019-09-11,268964.5472
XAU,2019-09-10,268949.1836
XAU,2019-09-09,272947.8638
XAU,2019-09-06,273918.3598
XAU,2019-09-05,278847.6849
XAU,2019-09-04,278122.4142
XAU,2019-09-03,273893.2358
XAU,2019-09-02,274363.1620
XAU,2019-08-30,275314.4860
XAU,2019-08-29,277598.6869
XAU,2019-08-28,276441.3724
XAU,2019-08-27,274832.0672
XAU,2019-08-26,277708.1365
XAU,2019-08-23,268377.6917
XAU,2019-08-22,267949.5643
XAU,2019-08-21,267482.7942
XAU,2019-08-20,265328.5734
XAU,2019-08-19,267152.7953
XAU,2019-08-16,269406.3331
XAU,2019-08-15,269034.2345
XAU,2019-08-13,268138.3420
XAU,2019-08-09,266726.4601
XAU,2019-08-08,266112.9958
XAU,2019-08-07,263412.0868
XAU,2019-08-06,259375.2004
XAU,2019-08-05,255757.9928
XAU,2019-08-02,252703.9266
XAU,2019-08-01,248528.4557
XAU,2019-07-31,251748.4436
XAU,2019-07-30,250809.5891
XAU,2019-07-29,250610.9003
XAU,2019-07-26,249586.4633
XAU,2019-07-25,250785.8604
XAU,2019-07-24,250155.0091
XAU,2019-07-23,249596.1174
XAU,2019-07-22,250769.9266
XAU,2019-07-19,253681.9630
XAU,2019-07-18,250081.9721
XAU,2019-07-17,246887.0750
XAU,2019-07-15,247767.5643
XAU,2019-07-12,247199.1840
XAU,2019-07-11,249677.7690
XAU,2019-07-10,245024.7657
XAU,2019-07-09,245420.8946
XAU,2019-07-08,246399.6644
XAU,2019-07-05,249784.5053
XAU,2019-07-04,250111.4955
XAU,2019-07-03,251608.3326
XAU,2019-07-02,245106.1934
XAU,2019-07-01,245562.9297
XAU,2019-06-28,250923.6942
XAU,2019-06-27,248496.8972
XAU,2019-06-26,249229.9793
XAU,2019-06-25,251768.0490
XAU,2019-06-24,248412.7653
XAU,2019-06-21,248621.6137
XAU,2019-06-20,243651.0907
XAU,2019-06-19,237599.8535
XAU,2019-06-18,237271.1110
XAU,2019-06-17,236904.0385
XAU,2019-06-14,237712.3351
XAU,2019-06-13,235994.1922
XAU,2019-06-12,234719.2519
XAU,2019-06-11,234524.4956
XAU,2019-06-10,234576.7087
XAU,2019-06-07,235205.5461
XAU,2019-06-06,234497.7782
XAU,2019-06-04,233674.3962
XAU,2019-06-03,231586.9697
XAU,2019-05-31,227771.1705
XAU,2019-05-30,225282.9219
XAU,2019-05-29,225778.7948
XAU,2019-05-28,226026.1941
XAU,2019-05-27,227105.2643
XAU,2019-05-24,226681.5398
XAU,2019-05-23,225067.3880
XAU,2019-05-22,224442.1285
XAU,2019-05-21,224503.3655
XAU,2019-05-17,226636.8475
XAU,2019-05-16,228518.7816
XAU,2019-05-15,229160.2170
XAU,2019-05-14,229345.8857
XAU,2019-05-13,226309.2207
XAU,2019-05-10,225480.9989
XAU,2019-05-09,225584.4209
XAU,2019-05-08,228038.9785
XAU,2019-05-07,227847.3836
XAU,2019-05-06,226869.3987
XAU,2019-05-03,224833.6477
XAU,2019-05-02,224283.8842
XAU,2019-04-30,224982.8090
XAU,2019-04-29,225368.2782
XAU,2019-04-26,224148.5528
XAU,2019-04-25,223012.2326
XAU,2019-04-24,221864.5287
XAU,2019-04-23,222846.6066
XAU,2019-04-22,223043.7469
XAU,2019-04-18,222223.5819
XAU,2019-04-17,223128.0852
XAU,2019-04-16,224592.4712
XAU,2019-04-12,225962.1051
XAU,2019-04-11,228378.3955
XAU,2019-04-10,227436.9622
XAU,2019-04-09,226868.0998
XAU,2019-04-08,226714.0953
XAU,2019-04-05,225498.6722
XAU,2019-04-04,225458.2789
XAU,2019-04-03,225475.7227
XAU,2019-04-02,225117.1451
XAU,2019-04-01,226964.0785
XAU,2019-03-29,227441.6535
XAU,2019-03-28,231100.1294
XAU,2019-03-27,234315.9842
XAU,2019-03-26,235343.8177
XAU,2019-03-25,234295.5549
XAU,2019-03-22,233293.7770
XAU,2019-03-21,235357.9977
XAU,2019-03-19,233237.3456
XAU,2019-03-18,232192.7512
XAU,2019-03-15,231626.1131
XAU,2019-03-14,233723.6731
XAU,2019-03-13,233258.4384
XAU,2019-03-12,231157.0972
XAU,2019-03-11,231329.0595
XAU,2019-03-08,229670.9404
XAU,2019-03-07,229729.6521
XAU,2019-03-06,231116.2752
XAU,2019-03-05,231318.9986
XAU,2019-03-01,236547.1607
XAU,2019-02-28,237064.6009
XAU,2019-02-27,238989.4470
XAU,2019-02-26,238685.1257
XAU,2019-02-25,238830.4155
XAU,2019-02-22,238100.5903
XAU,2019-02-21,240409.2019
XAU,2019-02-20,241840.6122
XAU,2019-02-18,236707.0146
XAU,2019-02-15,234373.9844
XAU,2019-02-14,233535.6626
XAU,2019-02-13,233860.0764
XAU,2019-02-12,232635.5893
XAU,2019-02-11,233651.3976
XAU,2019-02-08,232525.3506
XAU,2019-02-07,232295.2041
XAU,2019-02-06,233958.5912
XAU,2019-02-05,233268.3469
XAU,2019-02-01,235588.8650
XAU,2019-01-31,237175.4483
XAU,2019-01-30,238415.2094
XAU,2019-01-29,236877.1557
XAU,2019-01-28,236560.8605
XAU,2019-01-25,233006.7777
XAU,2019-01-24,233867.1323
XAU,2019-01-23,233659.0650
XAU,2019-01-22,232408.1272
XAU,2019-01-21,233192.1443
XAU,2019-01-18,235418.7032
XAU,2019-01-17,236071.8486
XAU,2019-01-16,235027.0898
XAU,2019-01-14,234914.8460
XAU,2019-01-11,235206.8103
XAU,2019-01-10,236298.6095
XAU,2019-01-09,234418.8627
XAU,2019-01-08,234813.3775
XAU,2019-01-07,235558.9941
XAU,2019-01-04,237280.0223
XAU,2019-01-03,235740.8151
XAU,2019-01-02,233895.7896
XAU,2019-01-01,234604.7862
XAU,2018-12-31,233747.1733
XAU,2018-12-28,232951.6674
XAU,2018-12-27,230839.0236
XAU,2018-12-26,230904.9728
XAU,2018-12-24,228819.3642
XAU,2018-12-21,227936.4415
XAU,2018-12-20,224599.8040
XAU,2018-12-19,225128.1154
XAU,2018-12-18,224480.9292
XAU,2018-12-17,222625.0411
XAU,2018-12-14,223152.3611
XAU,2018-12-13,223281.8246
XAU,2018-12-12,223200.9743
XAU,2018-12-11,222785.3819
XAU,2018-12-10,223451.4430
XAU,2018-12-07,221846.1414
XAU,2018-12-06,222121.2261
XAU,2018-12-05,221196.3526
XAU,2018-12-04,220808.2050
XAU,2018-12-03,219932.3215
XAU,2018-11-30,220022.9827
XAU,2018-11-29,220136.7541
XAU,2018-11-28,219203.7547
XAU,2018-11-27,220169.9765
XAU,2018-11-26,219689.7539
XAU,2018-11-23,219094.8886
XAU,2018-11-21,216405.6413
XAU,2018-11-19,215732.1814
XAU,2018-11-16,214522.2089
XAU,2018-11-15,213201.0134
XAU,2018-11-14,211840.6929
XAU,2018-11-13,211404.8811
XAU,2018-11-12,212190.7296
XAU,2018-11-09,213667.9940
XAU,2018-11-08,214082.4902
XAU,2018-11-07,213918.7737
XAU,2018-11-05,214959.3275
XAU,2018-11-02,214920.4004
XAU,2018-11-01,213357.9105
XAU,2018-10-31,209615.0144
XAU,2018-10-30,213566.0420
XAU,2018-10-29,213605.2276
XAU,2018-10-26,212932.2446
XAU,2018-10-25,213584.2290
XAU,2018-10-23,210805.2339
XAU,2018-10-22,210770.2937
XAU,2018-10-19,210111.7118
XAU,2018-10-18,208977.6801
XAU,2018-10-17,209036.7443
XAU,2018-10-16,209027.8949
XAU,2018-10-15,208764.7408
XAU,2018-10-12,209067.3338
XAU,2018-10-11,204429.1950
XAU,2018-10-10,203356.1500
XAU,2018-10-09,205178.9601
XAU,2018-10-08,203752.3578
XAU,2018-10-05,203926.1865
XAU,2018-10-04,203076.0661
XAU,2018-10-03,204441.5636
XAU,2018-10-02,201494.5390
XAU,2018-10-01,201334.5647
XAU,2018-09-28,200498.3064
XAU,2018-09-27,202151.8764
XAU,2018-09-26,202867.4454
XAU,2018-09-25,202045.7642
XAU,2018-09-21,203059.4673
XAU,2018-09-20,200793.3157
XAU,2018-09-19,198698.6558
XAU,2018-09-18,196877.2465
XAU,2018-09-17,194982.4745
XAU,2018-09-14,196097.0026
XAU,2018-09-13,195804.0754
XAU,2018-09-12,193840.8652
XAU,2018-09-11,193826.9199
XAU,2018-09-10,193298.8811
XAU,2018-09-07,194714.5698
XAU,2018-09-06,194357.7056
XAU,2018-09-05,193317.8775
XAU,2018-09-04,194075.9621
XAU,2018-09-03,193774.5458
XAU,2018-08-31,194106.6933
XAU,2018-08-30,194468.6984
XAU,2018-08-29,194193.3391
XAU,2018-08-28,194754.9117
XAU,2018-08-27,193926.0871
XAU,2018-08-24,190709.6040
XAU,2018-08-23,191401.9837
XAU,2018-08-21,191638.4038
XAU,2018-08-20,190311.8737
XAU,2018-08-17,188836.3716
XAU,2018-08-16,187876.1740
XAU,2018-08-15,190852.2443
XAU,2018-08-14,191458.7331
XAU,2018-08-13,193528.6840
XAU,2018-08-10,194038.9460
XAU,2018-08-09,194261.7847
XAU,2018-08-08,193791.1363
XAU,2018-08-07,193332.6673
XAU,2018-08-06,194486.9125
XAU,2018-08-03,192866.2759
XAU,2018-08-02,194735.8022
XAU,2018-08-01,195450.6356
XAU,2018-07-31,195050.6382
XAU,2018-07-30,194870.2908
XAU,2018-07-26,196517.5830
XAU,2018-07-25,195315.3410
XAU,2018-07-24,195031.2442
XAU,2018-07-23,197108.0286
XAU,2018-07-20,195003.2328
XAU,2018-07-19,195916.2440
XAU,2018-07-18,196488.6926
XAU,2018-07-17,198341.4146
XAU,2018-07-16,198165.2915
XAU,2018-07-13,198798.3749
XAU,2018-07-12,198138.7532
XAU,2018-07-11,199351.3187
XAU,2018-07-10,200532.0487
XAU,2018-07-09,200262.2149
XAU,2018-07-06,199261.9165
XAU,2018-07-05,199132.3500
XAU,2018-07-04,199327.7026
XAU,2018-07-03,196576.8894
XAU,2018-07-02,198196.5460
XAU,2018-06-29,197403.3268
XAU,2018-06-28,198874.7632
XAU,2018-06-26,200716.2039
XAU,2018-06-25,202002.4214
XAU,2018-06-22,202369.4817
XAU,2018-06-21,202916.9695
XAU,2018-06-20,203896.7013
XAU,2018-06-19,206392.5889
XAU,2018-06-18,204802.6365
XAU,2018-06-14,207176.3514
XAU,2018-06-13,206834.6607
XAU,2018-06-12,206675.7074
XAU,2018-06-11,206702.2137
XAU,2018-06-08,206019.7880
XAU,2018-06-07,205722.3375
XAU,2018-06-06,205689.3124
XAU,2018-06-05,204818.8938
XAU,2018-06-04,205075.7623
XAU,2018-06-01,205401.8699
XAU,2018-05-31,205769.9440
XAU,2018-05-30,205240.1814
XAU,2018-05-28,205185.2457
XAU,2018-05-25,205859.3772
XAU,2018-05-24,204554.6019
XAU,2018-05-23,204121.7958
XAU,2018-05-22,203653.1202
XAU,2018-05-21,203538.5423
XAU,2018-05-18,203678.8307
XAU,2018-05-17,205173.9520
XAU,2018-05-16,204531.2402
XAU,2018-05-15,207477.2667
XAU,2018-05-14,208539.5012
XAU,2018-05-11,208374.3619
XAU,2018-05-10,207401.0162
XAU,2018-05-09,206695.1303
XAU,2018-05-08,207286.7951
XAU,2018-05-04,207391.2472
XAU,2018-05-03,206564.6663
XAU,2018-05-02,206639.5492
XAU,2018-05-01,206652.7365
XAU,2018-04-27,207706.3555
XAU,2018-04-26,208513.8144
XAU,2018-04-25,208817.4988
XAU,2018-04-24,208088.3240
XAU,2018-04-23,208578.6638
XAU,2018-04-20,209895.8886
XAU,2018-04-19,211108.6876
XAU,2018-04-18,210205.3858
XAU,2018-04-17,210150.9974
XAU,2018-04-16,209906.9111
XAU,2018-04-12,210369.2545
XAU,2018-04-11,208621.2209
XAU,2018-04-10,207415.2650
XAU,2018-04-09,207267.5498
XAU,2018-04-06,207112.0670
XAU,2018-04-05,207662.6402
XAU,2018-04-04,207431.1861
XAU,2018-04-03,207988.3159
XAU,2018-04-02,207181.9151
XAU,2018-03-29,207132.2599
XAU,2018-03-28,210150.8035
XAU,2018-03-27,211233.1489
XAU,2018-03-26,210339.1852
XAU,2018-03-23,208768.1272
XAU,2018-03-22,207577.1908
XAU,2018-03-21,205157.7753
XAU,2018-03-20,205715.0516
XAU,2018-03-19,204753.8171
XAU,2018-03-16,205393.3698
XAU,2018-03-15,206643.2952
XAU,2018-03-14,206928.0946
XAU,2018-03-13,205929.1287
XAU,2018-03-12,205747.1470
XAU,2018-03-09,205001.4433
XAU,2018-03-08,206183.8197
XAU,2018-03-07,207119.7611
XAU,2018-03-06,205158.6884
XAU,2018-03-05,205892.1840
XAU,2018-03-02,204020.0132
XAU,2018-02-28,204104.7709
XAU,2018-02-27,207104.7457
XAU,2018-02-26,207448.5620
XAU,2018-02-23,206399.4667
XAU,2018-02-22,205788.0269
XAU,2018-02-21,206525.4836
XAU,2018-02-20,208476.9593
XAU,2018-02-19,209467.5614
XAU,2018-02-16,210613.7721
XAU,2018-02-15,210584.5057
XAU,2018-02-14,206358.3565
XAU,2018-02-12,204199.7440
XAU,2018-02-09,203623.9261
XAU,2018-02-08,203390.6092
XAU,2018-02-07,205399.0005
XAU,2018-02-06,207431.3694
XAU,2018-02-02,207991.9185
XAU,2018-02-01,206778.7897
XAU,2018-01-30,205572.7066
XAU,2018-01-29,207124.3362
XAU,2018-01-26,207842.5585
XAU,2018-01-25,209303.0254
XAU,2018-01-24,206606.2608
XAU,2018-01-23,205823.6414
XAU,2018-01-22,205008.1570
XAU,2018-01-19,204691.5751
XAU,2018-01-18,204163.4906
XAU,2018-01-17,206474.9177
XAU,2018-01-16,206394.8414
XAU,2018-01-12,203862.8583
XAU,2018-01-11,202714.4626
XAU,2018-01-10,201766.0875
XAU,2018-01-09,202837.5287
XAU,2018-01-08,202779.3002
XAU,2018-01-05,202980.8934
XAU,2018-01-04,201052.6142
XAU,2018-01-03,202186.4450
XAU,2018-01-02,200484.3752
XAU,2017-12-29,198085.2996
XAU,2017-12-28,196659.4630
XAU,2017-12-27,195921.1021
XAU,2017-12-26,195594.4497
XAU,2017-12-22,193682.8594
XAU,2017-12-21,194056.3526
XAU,2017-12-20,193719.3221
XAU,2017-12-19,193087.1637
XAU,2017-12-18,192251.9416
XAU,2017-12-15,192515.0836
XAU,2017-12-14,192512.5564
XAU,2017-12-13,190341.2677
XAU,2017-12-12,190459.9124
XAU,2017-12-11,191232.7450
XAU,2017-12-08,191544.9989
XAU,2017-12-07,193779.4567
XAU,2017-12-06,194118.0244
XAU,2017-12-05,196005.4420
XAU,2017-12-04,195905.5801
XAU,2017-11-30,197475.2569
XAU,2017-11-29,198891.3831
XAU,2017-11-28,198828.7618
XAU,2017-11-27,198293.0516
XAU,2017-11-24,198653.2598
XAU,2017-11-23,198372.5854
XAU,2017-11-22,197053.8053
XAU,2017-11-21,196792.8180
XAU,2017-11-20,198479.3998
XAU,2017-11-17,197450.4576
XAU,2017-11-16,196579.2788
XAU,2017-11-15,196923.0202
XAU,2017-11-14,196183.7544
XAU,2017-11-13,196082.9466
XAU,2017-11-10,197386.1153
XAU,2017-11-09,196475.6190
XAU,2017-11-08,195967.5652
XAU,2017-11-07,196490.8522
XAU,2017-11-06,195086.4821
XAU,2017-11-02,196840.2601
XAU,2017-11-01,194999.7684
XAU,2017-10-31,195987.3664
XAU,2017-10-30,195205.1923
XAU,2017-10-27,194926.1200
XAU,2017-10-26,197015.9373
XAU,2017-10-25,195999.8831
XAU,2017-10-24,197094.8138
XAU,2017-10-23,196159.2054
XAU,2017-10-20,197531.3870
XAU,2017-10-19,196262.8663
XAU,2017-10-17,198686.7698
XAU,2017-10-16,200163.9756
XAU,2017-10-13,199175.0969
XAU,2017-10-12,198382.6709
XAU,2017-10-11,197420.9856
XAU,2017-10-10,197160.4351
XAU,2017-10-09,196810.7468
XAU,2017-10-06,194642.9913
XAU,2017-10-04,195441.9358
XAU,2017-10-03,194484.7409
XAU,2017-10-02,195282.1093
XAU,2017-09-29,196644.0495
XAU,2017-09-28,196548.2680
XAU,2017-09-27,198198.8626
XAU,2017-09-26,200436.1493
XAU,2017-09-25,197501.1393
XAU,2017-09-22,198229.5746
XAU,2017-09-21,198959.2680
XAU,2017-09-20,201101.0239
XAU,2017-09-19,199887.9130
XAU,2017-09-18,201726.3127
XAU,2017-09-15,203955.8432
XAU,2017-09-14,202196.0665
XAU,2017-09-13,203624.8683
XAU,2017-09-12,202525.6892
XAU,2017-09-11,204372.2738
XAU,2017-09-08,206341.4818
XAU,2017-09-07,203589.9734
XAU,2017-09-06,204239.3749
XAU,2017-09-04,203589.9513
XAU,2017-08-31,199069.1082
XAU,2017-08-30,200449.3100
XAU,2017-08-29,201382.9307
XAU,2017-08-28,198001.8141
XAU,2017-08-25,196662.2777
XAU,2017-08-24,196966.0843
XAU,2017-08-23,196705.8600
XAU,2017-08-22,197623.6290
XAU,2017-08-21,197097.1562
XAU,2017-08-18,197454.3885
XAU,2017-08-17,197322.8948
XAU,2017-08-16,195121.1126
XAU,2017-08-15,195243.3120
XAU,2017-08-14,197134.1689
XAU,2017-08-11,196907.4643
XAU,2017-08-10,195603.9701
XAU,2017-08-09,193925.9582
XAU,2017-08-08,193307.6330
XAU,2017-08-04,194676.6874
XAU,2017-08-03,193976.1123
XAU,2017-08-02,194354.1919
XAU,2017-08-01,195162.1268
XAU,2017-07-31,195106.7119
XAU,2017-07-28,193637.0323
XAU,2017-07-27,193936.8340
XAU,2017-07-26,191632.8379
XAU,2017-07-25,192704.9918
XAU,2017-07-24,192777.0618
XAU,2017-07-21,191408.6680
XAU,2017-07-20,190483.6437
XAU,2017-07-19,190833.6371
XAU,2017-07-18,190267.6800
XAU,2017-07-17,189372.6701
XAU,2017-07-14,186944.3739
XAU,2017-07-13,187874.0233
XAU,2017-07-12,187294.8367
XAU,2017-07-11,186318.3865
XAU,2017-07-10,186271.2191
XAU,2017-07-07,187510.3334
XAU,2017-07-06,188373.7495
XAU,2017-07-05,188655.4023
XAU,2017-07-04,187732.8207
XAU,2017-07-03,190082.9900
XAU,2017-06-30,191364.7985
XAU,2017-06-29,191995.4030
XAU,2017-06-28,191863.9782
XAU,2017-06-27,190683.6430
XAU,2017-06-23,191908.5760
XAU,2017-06-22,192246.0173
XAU,2017-06-21,190937.7673
XAU,2017-06-20,190590.8938
XAU,2017-06-19,191553.1485
XAU,2017-06-16,191096.9875
XAU,2017-06-15,192927.7500
XAU,2017-06-14,193666.6125
XAU,2017-06-13,193202.2500
XAU,2017-06-12,193292.9875
XAU,2017-06-09,194344.4750
XAU,2017-06-07,197060.2931
XAU,2017-06-06,195958.8935
XAU,2017-06-05,195153.4875
XAU,2017-06-02,192577.0000
XAU,2017-06-01,193659.7500
XAU,2017-05-31,192134.7500
XAU,2017-05-30,193583.5000
XAU,2017-05-29,193273.9250
XAU,2017-05-26,191663.5250
XAU,2017-05-25,191767.2174
XAU,2017-05-24,190961.2625
XAU,2017-05-23,192493.8875
XAU,2017-05-22,190936.1000
XAU,2017-05-19,190673.0375
XAU,2017-05-18,191843.7723
XAU,2017-05-17,189306.4827
XAU,2017-05-16,188090.5000
XAU,2017-05-15,187445.6817
XAU,2017-05-12,186821.8410
XAU,2017-05-09,187080.6285
XAU,2017-05-08,187545.9520
XAU,2017-05-05,186789.4248
XAU,2017-05-04,188672.1609
XAU,2017-05-03,190854.7550
XAU,2017-05-02,190983.1105
XAU,2017-04-28,192196.0320
XAU,2017-04-27,192396.5400
XAU,2017-04-26,192083.6184
XAU,2017-04-25,193479.9549
XAU,2017-04-24,193687.6900
XAU,2017-04-21,194446.4305
XAU,2017-04-20,194310.4800
XAU,2017-04-19,195480.1100
XAU,2017-04-18,195100.3600
XAU,2017-04-17,195791.4000
XAU,2017-04-12,193700.3940
XAU,2017-04-11,190265.5800
XAU,2017-04-07,192046.1220
XAU,2017-04-06,190306.5120
XAU,2017-04-05,190189.0220
XAU,2017-04-04,190305.7540
XAU,2017-04-03,189211.9600
XAU,2017-03-31,188277.0777
XAU,2017-03-30,189487.7115
XAU,2017-03-29,189429.0156
XAU,2017-03-28,190242.8555
XAU,2017-03-27,190499.8020
XAU,2017-03-24,188457.0072
XAU,2017-03-23,188832.2096
XAU,2017-03-22,188859.9678
XAU,2017-03-21,186032.0674
XAU,2017-03-20,186721.2292
XAU,2017-03-17,185695.7692
XAU,2017-03-16,185390.8717
XAU,2017-03-15,181788.7628
XAU,2017-03-14,182322.2980
XAU,2017-03-13,182398.6958
XAU,2017-03-10,181483.7850
XAU,2017-03-09,182822.4758
XAU,2017-03-08,184182.7777
XAU,2017-03-07,185398.5361
XAU,2017-03-06,186654.6076
XAU,2017-03-03,186312.7750
XAU,2017-03-02,188529.3772
XAU,2017-03-01,188735.8000
XAU,2017-02-28,189526.8451
XAU,2017-02-27,190068.3125
XAU,2017-02-23,187024.0141
XAU,2017-02-22,187146.8295
XAU,2017-02-21,186625.9119
XAU,2017-02-20,186023.1148
XAU,2017-02-17,186606.6668
XAU,2017-02-16,186361.0864
XAU,2017-02-15,184909.8291
XAU,2017-02-14,184782.1498
XAU,2017-02-13,185470.5486
XAU,2017-02-09,186887.0363
XAU,2017-02-08,186146.1000
XAU,2017-02-07,185824.2488
XAU,2017-02-06,184193.1875
XAU,2017-02-03,182756.6725
XAU,2017-02-02,182556.5000
XAU,2017-02-01,181931.8504
XAU,2017-01-31,180208.8464
XAU,2017-01-30,179538.2325
XAU,2017-01-27,178223.5450
XAU,2017-01-26,180118.2295
XAU,2017-01-25,181544.1128
XAU,2017-01-24,182828.9701
XAU,2017-01-23,182933.7510
XAU,2017-01-20,181152.8113
XAU,2017-01-19,180375.9458
XAU,2017-01-18,182307.5064
XAU,2017-01-17,180932.5372
XAU,2017-01-16,180392.5823
XAU,2017-01-13,178953.7500
XAU,2017-01-11,178037.0827
XAU,2017-01-10,177264.0075
XAU,2017-01-09,176410.0007
XAU,2017-01-06,176697.7500
XAU,2017-01-05,175925.0542
XAU,2017-01-04,173864.2500
XAU,2017-01-03,173779.5000
XAU,2017-01-02,172747.6083
XAU,2016-12-30,173924.5410
XAU,2016-12-29,172015.4652
XAU,2016-12-28,170727.5050
XAU,2016-12-27,169663.9531
XAU,2016-12-23,168889.2223
XAU,2016-12-22,168941.4755
XAU,2016-12-21,169108.0918
XAU,2016-12-20,169691.8083
XAU,2016-12-19,169706.9397
XAU,2016-12-16,168595.8805
XAU,2016-12-15,169913.2698
XAU,2016-12-14,172588.8996
XAU,2016-12-09,173598.2173
XAU,2016-12-08,175001.6260
XAU,2016-12-07,173444.2650
XAU,2016-12-06,174133.1185
XAU,2016-12-05,174025.6455
XAU,2016-12-02,173918.3652
XAU,2016-12-01,172805.6000
XAU,2016-11-30,176599.0380
XAU,2016-11-29,176606.4355
XAU,2016-11-28,176957.0770
XAU,2016-11-25,174001.0207
XAU,2016-11-24,175322.9369
XAU,2016-11-23,179603.9025
XAU,2016-11-22,180314.0625
XAU,2016-11-21,179418.9650
XAU,2016-11-18,178631.2941
XAU,2016-11-17,181364.1175
XAU,2016-11-16,181914.1094
XAU,2016-11-15,181192.4738
XAU,2016-11-11,186174.6038
XAU,2016-11-10,190146.0853
XAU,2016-11-09,192418.4357
XAU,2016-11-08,189505.5742
XAU,2016-11-07,190972.8126
XAU,2016-11-04,192226.2760
XAU,2016-11-03,191530.8230
XAU,2016-11-02,190235.5606
XAU,2016-11-01,188225.0751
XAU,2016-10-31,187805.2218
XAU,2016-10-28,186809.3724
XAU,2016-10-27,186159.0250
XAU,2016-10-26,187370.9500
XAU,2016-10-25,185783.6955
XAU,2016-10-24,185600.0705
XAU,2016-10-21,185597.8670
XAU,2016-10-20,186925.8430
XAU,2016-10-19,185564.0800
XAU,2016-10-18,184970.5574
XAU,2016-10-17,184121.4518
XAU,2016-10-14,184741.4400
XAU,2016-10-13,184916.9855
XAU,2016-10-12,184661.3795
XAU,2016-10-11,184942.1631
XAU,2016-10-10,185099.7832
XAU,2016-10-07,184526.5768
XAU,2016-10-06,185938.9861
XAU,2016-10-05,186601.3864
XAU,2016-10-04,192048.5351
XAU,2016-10-03,193448.7159
XAU,2016-09-30,194305.1365
XAU,2016-09-29,194065.7428
XAU,2016-09-28,193956.3162
XAU,2016-09-27,195402.5499
XAU,2016-09-26,195314.8651
XAU,2016-09-23,194834.8600
XAU,2016-09-22,194711.5757
XAU,2016-09-21,191775.8014
XAU,2016-09-20,191849.9963
XAU,2016-09-19,191707.1159
XAU,2016-09-15,192861.6922
XAU,2016-09-14,191694.3008
XAU,2016-09-13,193267.6899
XAU,2016-09-09,194602.9175
XAU,2016-09-08,195801.9492
XAU,2016-09-07,196240.1892
XAU,2016-09-06,192866.5032
XAU,2016-09-05,192579.2945
XAU,2016-09-02,191121.7462
XAU,2016-09-01,190839.0033
XAU,2016-08-31,191475.7380
XAU,2016-08-30,192720.5204
XAU,2016-08-29,191658.3833
XAU,2016-08-26,193043.0764
XAU,2016-08-25,192829.8546
XAU,2016-08-24,194651.3550
XAU,2016-08-23,194542.2300
XAU,2016-08-22,194094.0900
XAU,2016-08-19,196010.3250
XAU,2016-08-18,197093.5725
XAU,2016-08-16,195495.9825
XAU,2016-08-15,194729.1975
XAU,2016-08-12,194986.0123
XAU,2016-08-11,195700.9600
XAU,2016-08-10,196370.7200
XAU,2016-08-09,194271.1680
XAU,2016-08-08,194674.4800
XAU,2016-08-05,198085.3093
XAU,2016-08-04,197765.6975
XAU,2016-08-03,198660.6372
XAU,2016-08-02,196529.3000
XAU,2016-08-01,196728.9775
XAU,2016-07-29,195048.3024
XAU,2016-07-28,194877.7789
XAU,2016-07-27,192163.3588
XAU,2016-07-26,192345.5463
XAU,2016-07-25,191945.4625
XAU,2016-07-22,193789.2000
XAU,2016-07-21,190912.2425
XAU,2016-07-20,193507.8600
XAU,2016-07-18,193022.7250
XAU,2016-07-15,193065.5738
XAU,2016-07-14,194670.5863
XAU,2016-07-13,193876.6300
XAU,2016-07-12,197169.6125
XAU,2016-07-11,198984.5113
XAU,2016-07-08,196973.5250
XAU,2016-07-07,198798.2002
XAU,2016-07-05,195225.1486
XAU,2016-07-04,196820.2863
XAU,2016-07-01,192876.7488
XAU,2016-06-30,191170.7875
XAU,2016-06-29,191809.8875
XAU,2016-06-28,191889.7750
XAU,2016-06-27,192731.4988
XAU,2016-06-24,185933.7988
XAU,2016-06-23,183850.1875
XAU,2016-06-22,184273.7825
XAU,2016-06-21,186180.0419
XAU,2016-06-20,185573.4025
XAU,2016-06-17,185016.4683
XAU,2016-06-16,187842.0750
XAU,2016-06-15,185884.7900
XAU,2016-06-14,185493.7931
XAU,2016-06-13,184745.9643
XAU,2016-06-10,184399.1276
XAU,2016-06-09,183973.4659
XAU,2016-06-08,181823.1250
XAU,2016-06-07,181560.8780
XAU,2016-06-06,181326.4050
XAU,2016-06-03,176673.9345
XAU,2016-06-02,177328.5583
XAU,2016-06-01,177780.4878
XAU,2016-05-31,176874.9125
XAU,2016-05-30,175220.6500
XAU,2016-05-27,177261.1500
XAU,2016-05-26,179549.4250
XAU,2016-05-25,178937.2750
XAU,2016-05-24,181939.7250
XAU,2016-05-20,183083.8625
XAU,2016-05-19,183309.0463
XAU,2016-05-18,186112.6838
XAU,2016-05-17,186488.9040
XAU,2016-05-16,186248.4330
XAU,2016-05-13,184737.3963
XAU,2016-05-12,185651.9775
XAU,2016-05-11,184993.0894
XAU,2016-05-10,184255.8889
XAU,2016-05-09,187537.0032
XAU,2016-05-06,186511.8119
XAU,2016-05-05,186595.6066
XAU,2016-05-04,186575.2044
XAU,2016-05-03,186285.7450
XAU,2016-04-29,183342.9900
XAU,2016-04-28,178709.4100
XAU,2016-04-27,179169.8900
XAU,2016-04-26,178406.5005
XAU,2016-04-25,177546.7811
XAU,2016-04-22,179910.2555
XAU,2016-04-20,180378.6500
XAU,2016-04-19,177140.9000
XAU,2016-04-18,177846.0100
XAU,2016-04-15,176709.2000
XAU,2016-04-12,180600.9755
XAU,2016-04-11,179975.7300
XAU,2016-04-08,178018.6900
XAU,2016-04-07,176392.6200
XAU,2016-04-06,176787.6255
XAU,2016-04-05,176270.3050
XAU,2016-04-04,175334.9550
XAU,2016-04-01,176953.1105
XAU,2016-03-31,176679.7005
XAU,2016-03-30,178063.8750
XAU,2016-03-29,175485.3305
XAU,2016-03-28,174234.5413
XAU,2016-03-24,175202.5113
XAU,2016-03-23,179084.1829
XAU,2016-03-21,180321.0900
XAU,2016-03-18,181760.0900
XAU,2016-03-17,180702.4250
XAU,2016-03-16,177317.5910
XAU,2016-03-15,176673.2250
XAU,2016-03-14,180600.9755
XAU,2016-03-11,184523.7413
XAU,2016-03-10,180130.7807
XAU,2016-03-09,180597.7545
XAU,2016-03-08,183199.0900
XAU,2016-03-04,181787.1656
XAU,2016-03-03,178804.8162
XAU,2016-03-02,176636.1159
XAU,2016-03-01,179291.1757
XAU,2016-02-29,176876.9562
XAU,2016-02-26,178082.7255
XAU,2016-02-25,177616.3694
XAU,2016-02-24,176730.9793
XAU,2016-02-23,174999.9904
XAU,2016-02-19,176602.1100
XAU,2016-02-18,173903.1500
XAU,2016-02-17,173040.2310
XAU,2016-02-16,172935.1131
XAU,2016-02-15,176002.7446
XAU,2016-02-12,178058.1478
XAU,2016-02-11,173622.5450
XAU,2016-02-10,171579.1650
XAU,2016-02-09,171661.2504
XAU,2016-02-08,167758.2265
XAU,2016-02-05,166259.5578
XAU,2016-02-03,162419.2105
XAU,2016-02-02,162226.4738
XAU,2016-02-01,161311.9000
XAU,2016-01-29,160529.2603
XAU,2016-01-28,161164.8640
XAU,2016-01-27,161285.5816
XAU,2016-01-26,159846.0911
XAU,2016-01-25,158333.1700
XAU,2016-01-22,158188.5505
XAU,2016-01-21,158324.0206
XAU,2016-01-20,157114.0797
XAU,2016-01-19,156956.5374
XAU,2016-01-18,156989.6548
XAU,2016-01-14,157105.9157
XAU,2016-01-13,155826.0485
XAU,2016-01-12,157582.4629
XAU,2016-01-11,158874.4732
XAU,2016-01-08,158796.2628
XAU,2016-01-07,158331.7341
XAU,2016-01-06,155207.8400
XAU,2016-01-05,155184.4858
XAU,2016-01-04,153507.5012
XAU,2016-01-01,152822.5090
XAU,2015-12-31,153015.7719
XAU,2015-12-30,153982.5198
XAU,2015-12-29,154247.0284
XAU,2015-12-28,154134.3139
XAU,2015-12-23,154189.7187
XAU,2015-12-22,154716.2058
XAU,2015-12-21,153315.7149
XAU,2015-12-18,151484.4273
XAU,2015-12-17,153312.7431
XAU,2015-12-16,152638.9139
XAU,2015-12-15,152803.6777
XAU,2015-12-14,154150.6484
XAU,2015-12-11,152829.6352
XAU,2015-12-10,153780.3309
XAU,2015-12-09,154163.5150
XAU,2015-12-08,153197.9607
XAU,2015-12-07,155407.1923
XAU,2015-12-04,152087.5964
XAU,2015-12-03,150522.2986
XAU,2015-12-02,153187.3727
XAU,2015-12-01,153616.6656
XAU,2015-11-30,150926.2789
XAU,2015-11-27,153094.9603
XAU,2015-11-26,153262.9559
XAU,2015-11-24,152738.9330
XAU,2015-11-23,152459.4916
XAU,2015-11-20,154174.6454
XAU,2015-11-19,153455.7704
XAU,2015-11-18,151885.0426
XAU,2015-11-17,154112.8495
XAU,2015-11-16,155136.5138
XAU,2015-11-13,153732.0576
XAU,2015-11-12,154546.4881
XAU,2015-11-11,154970.0821
XAU,2015-11-09,154711.1945
XAU,2015-11-06,156934.9254
XAU,2015-11-05,156819.7196
XAU,2015-11-04,158333.5129
XAU,2015-11-03,160128.1341
XAU,2015-11-02,160814.9254
XAU,2015-10-30,161538.0497
XAU,2015-10-29,163635.9117
XAU,2015-10-28,164680.2028
XAU,2015-10-26,164243.6864
XAU,2015-10-23,164931.7950
XAU,2015-10-22,164343.1347
XAU,2015-10-21,166008.0883
XAU,2015-10-20,164663.7863
XAU,2015-10-19,165650.7861
XAU,2015-10-16,166228.3504
XAU,2015-10-15,166316.0396
XAU,2015-10-14,164685.7591
XAU,2015-10-13,162442.4899
XAU,2015-10-12,162490.3533
XAU,2015-10-09,160728.0625
XAU,2015-10-08,160774.8253
XAU,2015-10-07,161959.6559
XAU,2015-10-06,160487.2945
XAU,2015-10-05,160768.1198
XAU,2015-10-02,157134.8430
XAU,2015-10-01,157574.1044
XAU,2015-09-30,158922.9959
XAU,2015-09-29,160064.5364
XAU,2015-09-28,161494.2058
XAU,2015-09-25,162129.6616
XAU,2015-09-23,158372.5436
XAU,2015-09-22,159705.2786
XAU,2015-09-21,159858.1212
XAU,2015-09-18,158873.4599
XAU,2015-09-17,157863.6855
XAU,2015-09-16,154758.0240
XAU,2015-09-15,154792.9493
XAU,2015-09-14,154196.2122
XAU,2015-09-11,154559.3532
XAU,2015-09-10,153690.7741
XAU,2015-09-09,155422.3710
XAU,2015-09-08,154177.0681
XAU,2015-09-07,155032.8544
XAU,2015-09-04,151606.5513
XAU,2015-09-03,152421.4525
XAU,2015-09-02,153100.6775
XAU,2015-09-01,153356.9000
XAU,2015-08-31,152342.5335
XAU,2015-08-28,151656.5750
XAU,2015-08-27,151401.6900
XAU,2015-08-26,152715.6325
XAU,2015-08-25,155019.6000
XAU,2015-08-24,155748.2000
XAU,2015-08-21,155578.4100
XAU,2015-08-20,151905.8062
XAU,2015-08-19,149818.7000
XAU,2015-08-18,149825.4000
XAU,2015-08-17,149465.8750
XAU,2015-08-14,149117.7350
XAU,2015-08-13,150217.2600
XAU,2015-08-12,148609.6250
XAU,2015-08-11,147165.1250
XAU,2015-08-10,146228.8750
XAU,2015-08-07,145680.5000
XAU,2015-08-06,144825.5628
XAU,2015-08-05,144966.8899
XAU,2015-08-04,144787.4250
XAU,2015-08-03,146057.5320
XAU,2015-07-30,146151.0520
XAU,2015-07-29,146512.4400
XAU,2015-07-28,146307.9100
XAU,2015-07-27,146840.0741
XAU,2015-07-24,144312.3155
XAU,2015-07-23,146828.0222
XAU,2015-07-22,146635.1408
XAU,2015-07-21,147698.1405
XAU,2015-07-20,148373.1651
XAU,2015-07-17,153180.9300
XAU,2015-07-16,153410.1487
XAU,2015-07-15,154599.2100
XAU,2015-07-14,154652.7300
XAU,2015-07-13,155279.6060
XAU,2015-07-10,155129.6400
XAU,2015-07-09,154815.3460
XAU,2015-07-08,154145.6760
XAU,2015-07-07,156080.8720
XAU,2015-07-06,156108.2600
XAU,2015-07-03,155935.2480
XAU,2015-07-02,156148.2300
XAU,2015-06-30,157391.6400
XAU,2015-06-29,158032.7315
XAU,2015-06-26,157108.6279
XAU,2015-06-25,157455.5055
XAU,2015-06-24,157586.9100
XAU,2015-06-23,158952.6900
XAU,2015-06-22,160859.6550
XAU,2015-06-19,161012.4890
XAU,2015-06-18,159114.9626
XAU,2015-06-17,158293.6094
XAU,2015-06-16,158891.9735
XAU,2015-06-15,158327.0300
XAU,2015-06-12,158314.9862
XAU,2015-06-11,158732.5195
XAU,2015-06-10,157388.2710
XAU,2015-06-09,157473.6380
XAU,2015-06-08,157254.8619
XAU,2015-06-05,157760.3105
XAU,2015-06-04,158544.2950
XAU,2015-06-03,159816.3450
XAU,2015-06-01,159407.9500
XAU,2015-05-29,159166.9300
XAU,2015-05-28,159146.1755
XAU,2015-05-27,159126.7600
XAU,2015-05-26,161181.3665
XAU,2015-05-25,161108.5000
XAU,2015-05-22,161362.5300
XAU,2015-05-21,162023.6765
XAU,2015-05-20,161454.1744
XAU,2015-05-19,162885.2685
XAU,2015-05-18,163027.8563
XAU,2015-05-15,162667.9600
XAU,2015-05-14,161880.9000
XAU,2015-05-13,159151.6913
XAU,2015-05-12,158027.0739
XAU,2015-05-11,158551.0190
XAU,2015-05-08,157840.5300
XAU,2015-05-07,158387.0600
XAU,2015-05-06,159121.0500
XAU,2015-05-05,157955.7518
XAU,2015-04-30,160058.1150
XAU,2015-04-29,160848.8700
XAU,2015-04-28,159715.6146
XAU,2015-04-27,157194.1200
XAU,2015-04-24,158515.0949
XAU,2015-04-23,157796.7965
XAU,2015-04-22,159594.0058
XAU,2015-04-21,158923.4955
XAU,2015-04-20,160137.1905
XAU,2015-04-17,159297.2625
XAU,2015-04-16,160284.0450
XAU,2015-04-15,158514.4473
XAU,2015-04-10,158828.1255
XAU,2015-04-09,159154.3950
XAU,2015-04-08,160655.5005
XAU,2015-04-07,161313.3555
XAU,2015-04-06,161674.8906
XAU,2015-04-02,159958.4400
XAU,2015-04-01,157832.0400
XAU,2015-03-31,157579.5300
XAU,2015-03-30,158580.2692
XAU,2015-03-27,159692.6400
XAU,2015-03-26,159317.1975
XAU,2015-03-25,158123.7555
XAU,2015-03-24,157825.3950
XAU,2015-03-23,157107.7350
XAU,2015-03-20,155725.5750
XAU,2015-03-19,155958.1500
XAU,2015-03-18,152993.8155
XAU,2015-03-17,153546.0150
XAU,2015-03-16,154124.1300
XAU,2015-03-13,154117.4850
XAU,2015-03-12,153074.2200
XAU,2015-03-11,154868.3700
XAU,2015-03-10,155114.2350
XAU,2015-03-09,155618.5905
XAU,2015-03-06,159466.7100
XAU,2015-03-04,160382.0305
XAU,2015-03-03,159307.2300
XAU,2015-03-02,162470.2500
XAU,2015-02-27,160802.3550
XAU,2015-02-26,160509.9750
XAU,2015-02-25,160741.4615
XAU,2015-02-24,159911.9250
XAU,2015-02-23,159842.8170
XAU,2015-02-20,160635.5655
XAU,2015-02-19,161610.2960
XAU,2015-02-18,160462.2400
XAU,2015-02-16,163596.3200
XAU,2015-02-13,162772.9600
XAU,2015-02-12,162347.3360
XAU,2015-02-11,164364.9510
XAU,2015-02-10,165021.2640
XAU,2015-02-09,164539.2000
XAU,2015-02-06,167384.3690
XAU,2015-02-05,168217.8900
XAU,2015-02-02,169246.4060
XAU,2015-01-30,166624.8800
XAU,2015-01-29,169234.7588
XAU,2015-01-28,170438.7994
XAU,2015-01-27,168566.6280
XAU,2015-01-26,171098.4000
XAU,2015-01-23,171372.0375
XAU,2015-01-22,170486.6855
XAU,2015-01-21,170548.2890
XAU,2015-01-20,168128.5284
XAU,2015-01-19,168004.4000
XAU,2015-01-16,165351.6058
XAU,2015-01-13,162157.7394
XAU,2015-01-12,160860.4343
XAU,2015-01-09,159022.5000
XAU,2015-01-08,159153.0938
XAU,2015-01-07,159484.5595
XAU,2015-01-06,157813.5900
XAU,2015-01-02,155222.9549
XAU,2015-01-01,155070.1657
XAU,2014-12-31,157631.1533
XAU,2014-12-30,155474.6555
XAU,2014-12-29,156754.4723
XAU,2014-12-26,155109.9200
XAU,2014-12-24,154295.1037
XAU,2014-12-23,154292.2711
XAU,2014-12-22,156927.2765
XAU,2014-12-19,157077.1415
XAU,2014-12-18,156392.9054
XAU,2014-12-17,157009.6497
XAU,2014-12-16,156829.1579
XAU,2014-12-15,159505.6000
XAU,2014-12-12,160587.0720
XAU,2014-12-11,160994.6252
XAU,2014-12-10,160893.3810
XAU,2014-12-09,157369.6450
XAU,2014-12-08,156470.6350
XAU,2014-12-05,157759.0146
XAU,2014-12-04,158261.1000
XAU,2014-12-03,157176.4200
XAU,2014-12-02,157875.9350
XAU,2014-12-01,150889.6595
XAU,2014-11-28,155388.8260
XAU,2014-11-27,156836.3806
XAU,2014-11-26,157186.9000
XAU,2014-11-25,157038.1890
XAU,2014-11-24,157383.4000
XAU,2014-11-21,156086.5000
XAU,2014-11-20,154763.4000
XAU,2014-11-19,156264.7591
XAU,2014-11-18,155342.9653
XAU,2014-11-17,155522.7675
XAU,2014-11-14,152026.4025
XAU,2014-11-13,151861.4785
XAU,2014-11-12,152442.2130
XAU,2014-11-11,151283.8003
XAU,2014-11-10,153675.4741
XAU,2014-11-07,149378.3600
XAU,2014-11-05,152747.7475
XAU,2014-11-04,152505.0208
XAU,2014-11-03,152876.1421
XAU,2014-10-31,156802.9702
XAU,2014-10-30,158841.4320
XAU,2014-10-29,160900.4487
XAU,2014-10-28,160960.1490
XAU,2014-10-27,161023.2608
XAU,2014-10-24,160843.0410
XAU,2014-10-23,162532.7100
XAU,2014-10-21,162797.0878
XAU,2014-10-20,161454.2500
XAU,2014-10-17,161735.0400
XAU,2014-10-16,161998.9876
XAU,2014-10-15,160131.9773
XAU,2014-10-14,161163.9750
XAU,2014-10-13,160890.7710
XAU,2014-10-10,159217.7612
XAU,2014-10-09,159522.2917
XAU,2014-10-07,156944.8916
XAU,2014-10-03,158243.6242
XAU,2014-10-02,158841.7565
XAU,2014-10-01,157340.3176
XAU,2014-09-30,158641.5863
XAU,2014-09-29,158902.5158
XAU,2014-09-26,159502.4058
XAU,2014-09-25,158166.2725
XAU,2014-09-24,159137.2240
XAU,2014-09-23,158637.7538
XAU,2014-09-22,158005.5382
XAU,2014-09-19,159231.8756
XAU,2014-09-18,159339.8926
XAU,2014-09-17,161224.8942
XAU,2014-09-16,161188.2786
XAU,2014-09-15,160478.9040
XAU,2014-09-12,160722.7099
XAU,2014-09-11,162474.9480
XAU,2014-09-10,163431.0801
XAU,2014-09-09,163628.8500
XAU,2014-09-05,164493.0376
XAU,2014-09-04,165658.1675
XAU,2014-09-03,165040.6967
XAU,2014-09-02,167107.0431
XAU,2014-09-01,167500.9280
XAU,2014-08-29,167816.3920
XAU,2014-08-28,167460.8244
XAU,2014-08-27,167182.2928
XAU,2014-08-26,166478.3006
XAU,2014-08-25,166419.9854
XAU,2014-08-22,166493.7382
XAU,2014-08-21,167902.9581
XAU,2014-08-20,168686.8684
XAU,2014-08-19,169114.0428
XAU,2014-08-18,169150.5976
XAU,2014-08-15,170704.3647
XAU,2014-08-14,170816.3153
XAU,2014-08-13,170373.1435
XAU,2014-08-12,170145.1520
XAU,2014-08-11,170132.9768
XAU,2014-08-08,171123.2506
XAU,2014-08-07,170168.5018
XAU,2014-08-06,167936.2592
XAU,2014-08-05,167862.6229
XAU,2014-08-04,168283.5937
XAU,2014-08-01,167204.2828
XAU,2014-07-31,168544.0829
XAU,2014-07-30,169193.0548
XAU,2014-07-28,169743.7320
XAU,2014-07-25,168314.7246
XAU,2014-07-24,169168.4023
XAU,2014-07-23,170446.4169
XAU,2014-07-22,171027.0935
XAU,2014-07-21,170729.0950
XAU,2014-07-18,171258.5700
XAU,2014-07-17,169444.2391
XAU,2014-07-16,168752.3340
XAU,2014-07-15,170154.9821
XAU,2014-07-14,173966.0790
XAU,2014-07-11,174258.3089
XAU,2014-07-10,173147.9538
XAU,2014-07-09,171917.5030
XAU,2014-07-08,171752.4371
XAU,2014-07-07,171529.3255
XAU,2014-07-04,171877.0505
XAU,2014-07-03,172270.1696
XAU,2014-07-02,172700.9454
XAU,2014-07-01,173056.1061
XAU,2014-06-30,171438.0783
XAU,2014-06-27,171697.9979
XAU,2014-06-26,171715.2849
XAU,2014-06-25,171364.4486
XAU,2014-06-24,171550.7972
XAU,2014-06-23,171054.7712
XAU,2014-06-20,170940.5087
XAU,2014-06-19,166274.3311
XAU,2014-06-18,165417.8920
XAU,2014-06-17,165613.9736
XAU,2014-06-16,166847.1756
XAU,2014-06-13,165844.6323
XAU,2014-06-11,164446.7370
XAU,2014-06-10,163378.9813
XAU,2014-06-09,163243.4327
XAU,2014-06-06,163460.2946
XAU,2014-06-05,162120.1174
XAU,2014-06-04,162385.7549
XAU,2014-06-03,162249.2295
XAU,2014-06-02,162669.9479
XAU,2014-05-30,164083.4409
XAU,2014-05-29,163925.3173
XAU,2014-05-28,164873.7293
XAU,2014-05-27,168604.0309
XAU,2014-05-26,168674.9055
XAU,2014-05-23,168676.1350
XAU,2014-05-22,168464.9897
XAU,2014-05-21,168691.1774
XAU,2014-05-20,168652.0295
XAU,2014-05-19,168778.5605
XAU,2014-05-16,168979.5352
XAU,2014-05-13,168886.2138
XAU,2014-05-12,167939.5609
XAU,2014-05-09,168413.3045
XAU,2014-05-08,168500.1200
XAU,2014-05-07,171334.1400
XAU,2014-05-06,171052.6970
XAU,2014-05-05,170734.2884
XAU,2014-05-02,167631.0625
XAU,2014-04-30,169167.1347
XAU,2014-04-29,169222.6177
XAU,2014-04-28,170451.2804
XAU,2014-04-25,168797.8999
XAU,2014-04-24,167966.3662
XAU,2014-04-23,167791.4110
XAU,2014-04-22,168135.2011
XAU,2014-04-21,167866.7100
XAU,2014-04-17,169938.3624
XAU,2014-04-16,169561.0045
XAU,2014-04-11,172368.8893
XAU,2014-04-10,171783.4316
XAU,2014-04-09,171241.3557
XAU,2014-04-08,169870.1365
XAU,2014-04-07,170155.4478
XAU,2014-04-04,168043.2332
XAU,2014-04-03,168820.7830
XAU,2014-04-02,167739.3198
XAU,2014-04-01,167802.4625
XAU,2014-03-31,169523.7013
XAU,2014-03-28,169114.4063
XAU,2014-03-27,170487.2040
XAU,2014-03-26,171413.9338
XAU,2014-03-25,171543.0561
XAU,2014-03-24,173180.9866
XAU,2014-03-21,174257.5021
XAU,2014-03-20,173821.5659
XAU,2014-03-19,177298.9139
XAU,2014-03-18,177664.8641
XAU,2014-03-17,180621.8827
XAU,2014-03-14,179565.3014
XAU,2014-03-13,179213.0000
XAU,2014-03-12,177104.9428
XAU,2014-03-11,174969.5430
XAU,2014-03-10,174115.5314
XAU,2014-03-07,176223.0406
XAU,2014-03-06,174670.4507
XAU,2014-03-05,174638.4913
XAU,2014-03-04,176433.7623
XAU,2014-03-03,175817.8053
XAU,2014-02-28,174486.5156
XAU,2014-02-26,175399.3479
XAU,2014-02-25,174696.6591
XAU,2014-02-24,173075.5667
XAU,2014-02-21,172710.2064
XAU,2014-02-20,171628.7483
XAU,2014-02-19,172341.1625
XAU,2014-02-18,173119.5504
XAU,2014-02-17,173601.4715
XAU,2014-02-13,169000.4737
XAU,2014-02-12,168304.0160
XAU,2014-02-11,167921.9970
XAU,2014-02-10,165895.0079
XAU,2014-02-07,164599.0151
XAU,2014-02-06,164184.0871
XAU,2014-02-05,164070.6784
XAU,2014-02-03,162744.8331
XAU,2014-01-31,162487.4290
XAU,2014-01-30,165116.9157
XAU,2014-01-29,163903.5602
XAU,2014-01-28,164571.0010
XAU,2014-01-27,166528.8633
XAU,2014-01-24,164864.6509
XAU,2014-01-23,161321.4115
XAU,2014-01-22,162489.9729
XAU,2014-01-21,163813.2104
XAU,2014-01-20,164318.5594
XAU,2014-01-17,162518.5150
XAU,2014-01-16,162141.3283
XAU,2014-01-13,163626.9605
XAU,2014-01-10,160949.3095
XAU,2014-01-09,160417.0856
XAU,2014-01-08,160678.0742
XAU,2014-01-07,162412.0626
XAU,2014-01-06,162422.8858
XAU,2014-01-03,160947.6364
XAU,2014-01-02,158636.7799
XAU,2014-01-01,157671.4250
XAU,2013-12-31,156651.9005
XAU,2013-12-30,158194.4250
XAU,2013-12-27,158265.4776
XAU,2013-12-26,157615.3271
XAU,2013-12-24,156666.1223
XAU,2013-12-23,157241.9078
XAU,2013-12-20,156208.1657
XAU,2013-12-19,159664.2420
XAU,2013-12-18,161469.1434
XAU,2013-12-17,162328.6508
XAU,2013-12-13,160608.5613
XAU,2013-12-12,164129.7291
XAU,2013-12-11,164684.1119
XAU,2013-12-10,162108.9649
XAU,2013-12-09,160894.3142
XAU,2013-12-06,160682.6317
XAU,2013-12-05,162114.6901
XAU,2013-12-04,159874.7102
XAU,2013-12-03,160195.1989
XAU,2013-12-02,163672.4470
XAU,2013-11-29,163061.9200
XAU,2013-11-28,162531.1074
XAU,2013-11-27,163274.5368
XAU,2013-11-26,164294.8182
XAU,2013-11-25,162872.0850
XAU,2013-11-22,163254.8970
XAU,2013-11-21,163606.2450
XAU,2013-11-20,167113.1700
XAU,2013-11-19,166908.4701
XAU,2013-11-18,168706.0350
XAU,2013-11-15,169151.7750
XAU,2013-11-14,168286.8180
XAU,2013-11-13,166481.6897
XAU,2013-11-12,167832.2318
XAU,2013-11-11,168666.7050
XAU,2013-11-08,171528.6180
XAU,2013-11-07,172623.6394
XAU,2013-11-06,172002.5445
XAU,2013-11-05,172753.7937
XAU,2013-11-04,172241.7420
XAU,2013-11-01,173210.6714
XAU,2013-10-31,175462.9007
XAU,2013-10-30,175788.4527
XAU,2013-10-29,177723.5815
XAU,2013-10-28,176377.5207
XAU,2013-10-25,175563.3138
XAU,2013-10-24,174639.6037
XAU,2013-10-23,175599.5405
XAU,2013-10-22,172237.5676
XAU,2013-10-21,172959.1764
XAU,2013-10-17,167852.5716
XAU,2013-10-15,166806.1534
XAU,2013-10-14,166513.9970
XAU,2013-10-11,169258.4247
XAU,2013-10-10,171113.5925
XAU,2013-10-09,172781.3688
XAU,2013-10-08,173961.7352
XAU,2013-10-07,172237.1441
XAU,2013-10-04,172706.0151
XAU,2013-10-03,172676.4196
XAU,2013-10-02,169871.1072
XAU,2013-10-01,175297.6862
XAU,2013-09-30,176913.7974
XAU,2013-09-27,174822.8602
XAU,2013-09-26,175874.3464
XAU,2013-09-25,175023.3149
XAU,2013-09-24,175250.2230
XAU,2013-09-23,174323.9800
XAU,2013-09-20,180335.4388
XAU,2013-09-18,171243.9125
XAU,2013-09-17,173781.7562
XAU,2013-09-16,175681.7402
XAU,2013-09-13,175576.1873
XAU,2013-09-12,180287.7204
XAU,2013-09-11,181234.3676
XAU,2013-09-10,184033.2750
XAU,2013-09-09,184704.0430
XAU,2013-09-06,182540.5673
XAU,2013-09-05,185218.5506
XAU,2013-09-04,187948.9500
XAU,2013-09-03,185149.3000
XAU,2013-09-02,184784.1600
XAU,2013-08-30,187258.4726
XAU,2013-08-29,187583.2000
XAU,2013-08-28,187791.5875
XAU,2013-08-27,184469.3400
XAU,2013-08-26,183863.7704
XAU,2013-08-23,181289.9425
XAU,2013-08-22,179772.2163
XAU,2013-08-21,180495.3220
XAU,2013-08-19,181727.7933
XAU,2013-08-16,179834.7030
XAU,2013-08-15,176787.0947
XAU,2013-08-14,174079.8220
XAU,2013-08-13,175620.2000
XAU,2013-08-12,175052.8611
XAU,2013-08-08,170066.6800
XAU,2013-08-07,168234.2252
XAU,2013-08-06,171118.2579
XAU,2013-08-05,173007.9400
XAU,2013-08-02,172099.9000
XAU,2013-08-01,174574.1388
XAU,2013-07-31,175653.1000
XAU,2013-07-30,174680.7692
XAU,2013-07-29,174625.9620
XAU,2013-07-04,163680.3517
XAU,2013-06-25,165775.0983
XAU,2013-06-21,165815.3014
XAU,2013-06-12,175386.9894
XAU,2013-06-07,178800.7768
XAU,2013-06-06,177075.7045
XAU,2013-05-20,170019.2865
XAU,2013-05-10,184001.4049
XAU,2013-05-08,183605.3685
XAU,2013-05-06,186656.4726
XAU,2013-04-05,195399.4272
XAU,2013-03-08,200885.3964
XAU,2013-02-01,210177.2315
XAU,2013-01-31,212176.8943
XAU,2013-01-30,210839.6395
XAU,2013-01-28,210871.0503
XAU,2013-01-24,213769.7806
XAU,2013-01-16,212591.5537
XAU,2013-01-15,210452.2835
XAU,2013-01-11,210699.6800
XAU,2013-01-10,209296.0912
XAU,2013-01-09,210937.5578
XAU,2013-01-08,210080.0436
XAU,2013-01-07,211543.0037
XAU,2013-01-03,214914.1268
XAU,2013-01-02,213950.1933
XAU,2013-01-01,211901.3764
XAU,2012-11-20,225659.1186
XAU,2012-11-19,223948.3034
XAU,2012-11-16,222926.4185
XAU,2012-11-15,224910.3133
XAU,2012-11-14,225690.9882
XAU,2012-11-12,226694.2815
XAU,2012-11-09,227129.5198
XAU,2012-11-07,223433.2373
XAU,2012-11-06,219493.2555
XAU,2012-11-05,218893.7725
XAU,2012-11-02,223305.6834
XAU,2012-11-01,223696.5191
XAU,2012-10-31,222535.0514
XAU,2012-10-30,222182.8667
XAU,2012-10-26,223045.4627
XAU,2012-10-25,222175.1002
XAU,2012-10-24,222587.9239
XAU,2012-10-23,223730.2033
XAU,2012-10-22,222186.8253
XAU,2012-10-19,224028.0319
XAU,2012-10-18,225280.6542
XAU,2012-10-16,222866.6602
XAU,2012-10-15,224017.2175
XAU,2012-10-12,227632.2832
XAU,2012-10-11,226347.7252
XAU,2012-10-10,226252.7482
XAU,2012-10-09,228025.4680
XAU,2012-10-08,227390.2753
XAU,2012-10-05,232853.3521
XAU,2012-10-04,230058.4484
XAU,2012-10-03,228877.1892
XAU,2012-10-02,229567.4682
XAU,2012-10-01,228028.5074
XAU,2012-09-28,231040.3437
XAU,2012-09-27,229913.1425
XAU,2012-09-26,231030.0431
XAU,2012-09-25,231603.8633
XAU,2012-09-24,231405.3751
XAU,2012-09-21,233081.9157
XAU,2012-09-20,233033.7662
XAU,2012-09-19,233292.1590
XAU,2012-09-18,231935.8712
XAU,2012-09-17,234651.5483
XAU,2012-09-14,233685.3890
XAU,2012-09-13,228421.8129
XAU,2012-09-12,229420.7404
XAU,2012-09-11,228980.4084
XAU,2012-09-07,224281.6541
XAU,2012-09-06,224565.8503
XAU,2012-07-10,211596.6313
XAU,2012-07-06,214749.0763
XAU,2012-07-02,212927.7393
XAU,2012-06-29,207447.6408
XAU,2012-06-27,209460.6057
XAU,2012-06-25,209145.4725
XAU,2012-06-22,207602.5806
XAU,2012-06-20,214764.4628
XAU,2012-06-18,213841.0467
XAU,2012-06-15,214864.2404
XAU,2012-06-13,212825.0746
XAU,2012-06-11,208331.3771
XAU,2012-06-08,204065.8466
XAU,2012-04-04,208229.6661
XAU,2012-03-02,210368.1563
XAU,2012-03-01,209527.0467
XAU,2012-02-29,216416.2530
XAU,2012-02-28,213255.2465
XAU,2012-02-27,212972.3052
XAU,2012-02-24,211822.3217
XAU,2012-02-23,210496.2499
XAU,2012-02-22,207963.2912
XAU,2012-02-21,205629.3288
XAU,2012-02-17,206792.0054
XAU,2012-02-16,206427.9794
XAU,2012-02-15,205487.9087
XAU,2012-02-14,199363.5194
XAU,2012-02-13,198446.5492
XAU,2012-02-08,199687.9649
XAU,2012-02-06,197715.3499
XAU,2012-02-03,200115.9022
XAU,2012-02-02,199356.3695
XAU,2012-02-01,198105.7482
XAU,2012-01-31,197843.7305
XAU,2012-01-30,197471.2750
XAU,2012-01-27,195662.5455
XAU,2012-01-26,194942.9216
XAU,2012-01-24,190998.9100
XAU,2012-01-23,190132.7005
XAU,2012-01-20,188485.8570
XAU,2012-01-19,189592.2450
XAU,2012-01-18,187564.1663
XAU,2012-01-17,188478.9993
XAU,2012-01-13,187176.9955
XAU,2012-01-12,187237.0103
XAU,2012-01-11,186180.9400
XAU,2012-01-10,184028.2300
XAU,2012-01-09,183082.8600
XAU,2012-01-06,184978.9702
XAU,2012-01-05,183976.9750
XAU,2012-01-04,182279.8650
XAU,2012-01-03,179881.9541
XAU,2012-01-02,177792.0489
XAU,2011-12-16,180155.0605
XAU,2011-12-15,179124.8350
XAU,2011-12-14,186170.5307
XAU,2011-12-13,188928.1416
XAU,2011-12-12,194671.6723
XAU,2011-12-09,195333.8145
XAU,2011-12-08,197911.5492
XAU,2011-12-07,196921.1405
XAU,2011-12-06,195924.5155
XAU,2011-12-05,199079.5455
XAU,2011-12-02,198373.9350
XAU,2011-12-01,199055.3674
XAU,2011-11-24,193055.8745
XAU,2011-11-14,197494.9300
XAU,2011-11-09,197621.6600
XAU,2011-10-21,179339.4800
XAU,2011-10-20,179566.9271
XAU,2011-10-19,183220.4862
XAU,2011-10-18,184236.1908
XAU,2011-10-17,185306.8100
XAU,2011-10-13,185215.7460
XAU,2011-10-12,183477.3176
XAU,2011-10-05,178692.9618
XAU,2011-10-04,183117.3460
XAU,2011-10-03,180159.0039
XAU,2011-09-30,179871.9112
XAU,2011-09-29,176946.9059
XAU,2011-09-28,180802.3889
XAU,2011-09-26,180714.9685
XAU,2011-09-23,192580.5571
XAU,2011-09-22,195446.1342
XAU,2011-09-20,196258.7550
XAU,2011-09-19,200551.4560
XAU,2011-09-16,195512.5408
XAU,2011-09-15,199725.5171
XAU,2011-09-14,202913.7495
XAU,2011-09-13,201639.0114
XAU,2011-09-12,203623.8763
XAU,2011-09-08,202375.1378
XAU,2011-09-07,206261.6424
XAU,2011-09-06,209042.4977
XAU,2011-09-05,206763.3795
XAU,2011-09-01,200457.2352
XAU,2011-08-30,197378.9863
XAU,2011-08-29,199781.6079
XAU,2011-08-24,203795.5940
XAU,2011-08-23,208846.3059
XAU,2011-08-22,205607.8521
XAU,2011-08-19,201441.9606
XAU,2011-08-18,196747.9255
XAU,2011-08-16,193659.9377
XAU,2011-08-15,191364.5040
XAU,2011-08-12,193074.1693
XAU,2011-08-11,195735.9537
XAU,2011-08-10,192599.5095
XAU,2011-08-09,191469.0317
XAU,2011-08-08,185999.1214
XAU,2011-08-05,180964.5092
XAU,2011-08-04,182249.3894
XAU,2011-08-03,181384.4468
XAU,2011-08-02,177369.9786
XAU,2011-08-01,176463.5650
XAU,2011-07-29,176986.9662
XAU,2011-07-28,176799.3442
XAU,2011-07-27,177672.1388
XAU,2011-07-26,176763.7234
XAU,2011-07-25,176526.8948
XAU,2011-07-22,174124.9440
XAU,2011-07-21,175351.8217
XAU,2011-07-20,174099.3645
XAU,2011-07-19,175431.8334
XAU,2011-07-18,174372.9473
XAU,2011-07-15,173600.9200
XAU,2011-07-13,171670.2913
XAU,2011-07-12,170069.9250
XAU,2011-07-11,169033.8307
XAU,2011-07-08,167754.5475
XAU,2011-07-07,167359.4943
XAU,2011-07-06,165732.3049
XAU,2011-07-05,163956.5823
XAU,2011-07-04,163251.2058
XAU,2011-07-01,164129.6207
XAU,2011-06-30,165724.2911
XAU,2011-06-29,165074.5742
XAU,2011-06-27,164578.7875
XAU,2011-06-24,166820.3943
XAU,2011-06-23,169397.2298
XAU,2011-06-21,168918.8847
XAU,2011-06-17,167407.8777
XAU,2011-06-16,167239.1298
XAU,2011-06-14,166296.6492
XAU,2011-06-13,167775.7756
XAU,2011-06-09,168250.9873
XAU,2011-06-08,168628.5322
XAU,2011-06-07,169100.9332
XAU,2011-06-06,169542.6667
XAU,2011-06-03,168205.4898
XAU,2011-06-02,168775.4856
XAU,2011-06-01,168020.8988
XAU,2011-05-31,168769.1949
XAU,2011-05-30,168714.2360
XAU,2011-05-24,166647.9624
XAU,2011-05-23,165931.2744
XAU,2011-05-20,164251.5792
XAU,2011-05-19,164468.5658
XAU,2011-05-16,163720.5706
XAU,2011-05-13,164960.0167
XAU,2011-05-12,165067.7325
XAU,2011-05-11,167023.0265
XAU,2011-05-10,165804.3110
XAU,2011-05-09,164336.7140
XAU,2011-05-06,163279.8237
XAU,2011-05-05,166546.5838
XAU,2011-05-04,168228.6217
XAU,2011-05-03,169361.3457
XAU,2011-04-29,168577.6515
XAU,2011-04-28,168392.7816
XAU,2011-04-26,165041.5549
XAU,2011-04-25,166560.0585
XAU,2011-04-21,166244.2114
XAU,2011-04-20,165284.7273
XAU,2011-04-19,164626.9959
XAU,2011-04-18,163904.0535
XAU,2011-04-12,160916.4630
XAU,2011-04-11,162576.5299
XAU,2011-04-06,160241.5584
XAU,2011-04-05,158632.8593
XAU,2011-04-04,157708.2021
XAU,2011-04-01,157966.9242
XAU,2011-03-31,157397.6449
XAU,2011-03-30,156357.6788
XAU,2011-03-29,156458.4548
XAU,2011-03-28,157524.7237
XAU,2011-03-25,158131.6144
XAU,2011-03-24,158778.1620
XAU,2011-03-23,157661.1166
XAU,2011-03-22,157864.8777
XAU,2011-03-21,157569.1564
XAU,2011-03-18,155523.8072
XAU,2011-03-17,153487.8101
XAU,2011-03-16,154210.8840
XAU,2011-03-15,156638.2852
XAU,2011-03-11,155821.6576
XAU,2011-03-10,157215.9540
XAU,2011-03-07,158747.1171
XAU,2011-02-28,156558.6208
XAU,2011-02-18,153606.9201
XAU,2011-02-15,151522.4331
XAU,2011-02-14,150723.9314
XAU,2011-02-11,151489.7475
XAU,2011-02-10,151110.7086
XAU,2011-02-09,151261.0255
XAU,2011-02-08,149891.2087
XAU,2011-02-07,149481.8615
XAU,2011-01-31,148825.4982
XAU,2011-01-28,145569.0589
XAU,2011-01-27,149250.2592
XAU,2011-01-26,148041.4667
XAU,2011-01-25,147864.0389
XAU,2011-01-24,149841.0115
XAU,2011-01-21,149467.8598
XAU,2011-01-20,151674.4725
XAU,2010-11-25,152387.1824
XAU,2010-11-24,153272.6444
XAU,2010-11-16,151716.6616
XAU,2010-11-15,153187.1460
XAU,2010-11-12,155882.8800
XAU,2010-11-11,157137.2994
XAU,2010-11-10,156365.8692
XAU,2010-11-09,157133.5623
XAU,2010-10-13,151613.9258
XAU,2010-09-27,145591.2093
XAU,2010-09-21,143904.6413
XAU,2010-09-15,142794.6853
XAU,2010-09-14,140727.0854
XAU,2010-08-31,139433.7831
XAU,2010-08-27,139220.1808
XAU,2010-08-13,136507.4365
XAU,2010-07-30,131376.5049
XAU,2010-07-19,134506.5268
XAU,2010-07-14,137109.7622
XAU,2010-07-01,140839.8690
XAU,2010-06-22,140534.6525
XAU,2010-06-15,138580.5544
XAU,2010-06-14,139614.4402
XAU,2010-06-02,139221.1373
XAU,2010-06-01,138925.9756
XAU,2010-05-14,140514.5200
XAU,2010-05-13,140790.1394
XAU,2010-05-12,139577.2499
XAU,2010-05-11,136684.5647
XAU,2010-05-07,136459.7395
